total,non_hispanic,white,black,native,asian,pac,other,two,hispanic,fips,state,year
4830620,4637128,3204989,1270064,22201,58969,1579,5592,73734,193492,0400000US01,Alabama,2015
733375,685567,457470,23755,98450,42360,8550,979,54003,47808,0400000US02,Alaska,2015
6641928,4627217,3752853,264119,265099,194757,11422,7077,131890,2014711,0400000US04,Arizona,2015
2958208,2754982,2177308,456716,16428,39962,6727,2731,55110,203226,0400000US05,Arkansas,2015
38421464,23670778,14879258,2160795,142191,5192548,139009,84477,1072500,14750686,0400000US06,California,2015
5278906,4166320,3646224,203276,28448,150165,6886,9354,121967,1112586,0400000US08,Colorado,2015
3593222,3066714,2487119,346206,4856,149368,746,10560,67859,526508,0400000US09,Connecticut,2015
926454,845748,591922,195058,2542,33354,146,2177,20549,80706,0400000US10,Delaware,2015
647484,581681,230489,310678,1265,23494,218,1790,13747,65803,0400000US11,District of Columbia,2015
19645772,14985039,11013749,3035646,40591,499958,9630,51146,334319,4660733,0400000US12,Florida,2015
10006693,9091573,5460401,3054350,18344,358295,4081,23031,173071,915120,0400000US13,Georgia,2015
1406299,1267048,321832,26681,2117,517289,127479,1571,270079,139251,0400000US15,Hawaii,2015
1616547,1425233,1342562,9346,17233,20603,1748,1199,32542,191314,0400000US16,Idaho,2015
12873761,10750920,8041878,1818938,14228,641068,2567,17388,214853,2122841,0400000US17,Illinois,2015
6568645,6147439,5288121,594251,11827,120961,1774,8829,121676,421206,0400000US18,Indiana,2015
3093526,2925296,2703612,95692,8232,62554,1784,2399,51023,168230,0400000US19,Iowa,2015
2892987,2569769,2228789,164058,20209,75045,1627,1928,78113,323218,0400000US20,Kansas,2015
4397353,4253872,3762154,342305,7399,55118,2074,4613,80209,143481,0400000US21,Kentucky,2015
4625253,4406990,2751183,1474359,24437,77268,1757,8011,69975,218263,0400000US22,Louisiana,2015
1329100,1309653,1247808,14473,7523,14398,167,705,24579,19447,0400000US23,Maine,2015
5930538,5396867,3144084,1723335,11735,355373,2382,14715,145243,533671,0400000US24,Maryland,2015
6705586,5997658,4982325,434326,7947,398722,1275,42513,130550,707928,0400000US25,Massachusetts,2015
9900571,9433550,7513622,1366632,47055,267671,1823,12083,224664,467021,0400000US26,Michigan,2015
5419171,5148187,4427809,293837,51782,239529,1644,6405,127181,270984,0400000US27,Minnesota,2015
2988081,2901574,1714674,1112505,11999,28755,388,2436,30817,86507,0400000US28,Mississippi,2015
6045448,5812402,4849886,691629,22437,105394,5853,7717,129486,233046,0400000US29,Missouri,2015
1014699,981077,882585,4515,63479,6902,804,296,22496,33622,0400000US30,Montana,2015
1869365,1683097,1509631,85748,13183,37724,1140,1705,33966,186268,0400000US31,Nebraska,2015
2798636,2028083,1455277,225782,24538,211271,17078,4376,89761,770553,0400000US32,Nevada,2015
1324201,1282060,1210369,15485,1912,31130,228,1642,21294,42141,0400000US33,New Hampshire,2015
8904413,7216405,5093430,1132611,9653,799589,2081,39042,139999,1688008,0400000US34,New Jersey,2015
2084117,1097145,817048,38081,177257,27225,883,3811,32840,986972,0400000US35,New Mexico,2015
19673174,16053516,11170518,2831813,46324,1558536,4756,101300,340269,3619658,0400000US36,New York,2015
9845333,8975425,6324373,2084249,108254,242150,5254,20147,190998,869908,0400000US37,North Carolina,2015
721640,701071,628158,11549,37508,8819,277,333,14427,20569,0400000US38,North Dakota,2015
11575977,11185007,9291303,1393528,17079,214337,2619,14124,252017,390970,0400000US39,Ohio,2015
3849733,3478274,2591292,274214,267448,73346,4482,3107,264385,371459,0400000US40,Oklahoma,2015
3939233,3453587,3043010,69105,36347,154496,14334,5528,130767,485646,0400000US41,Oregon,2015
12779559,11964021,9979754,1347000,14554,389671,2227,19502,211313,815538,0400000US42,Pennsylvania,2015
1053661,909873,785245,56294,3899,33619,350,7362,23104,143788,0400000US44,Rhode Island,2015
4777576,4523484,3051116,1304459,13838,66426,2468,5038,80139,254092,0400000US45,South Carolina,2015
843190,815276,701699,12792,69951,10127,316,677,19714,27914,0400000US46,South Dakota,2015
6499615,6179525,4856869,1083640,14295,101353,2962,7245,113161,320090,0400000US47,Tennessee,2015
26538614,16342247,11635757,3070821,65378,1110772,18751,33723,407045,10196367,0400000US48,Texas,2015
2903379,2513523,2308090,29450,27538,63106,25540,4434,55365,389856,0400000US49,Utah,2015
626604,615913,586547,6722,1853,8690,193,656,11252,10691,0400000US50,Vermont,2015
8256630,7547474,5237848,1560316,17015,489610,4967,18053,219665,709156,0400000US51,Virginia,2015
6985464,6149976,4943228,243786,80838,530928,42532,9467,299197,835488,0400000US53,Washington,2015
1851420,1826012,1713434,60398,2726,13273,475,1370,34336,25408,0400000US54,West Virginia,2015
5742117,5377559,4729911,354364,46165,142833,1081,3922,99283,364558,0400000US55,Wisconsin,2015
579679,523981,489665,5974,11006,5163,397,143,11633,55698,0400000US56,Wyoming,2015
3583073,35785,24900,2807,76,2328,55,1660,3959,3547288,0400000US72,Puerto Rico,2015
4747424,4573434,3195148,1238196,24031,52207,1181,3446,59225,173990,0400000US01,Alabama,2011
700703,661491,451256,22224,95311,35401,6593,809,49897,39212,0400000US02,Alaska,2011
6337373,4472998,3686433,238499,256668,168066,11148,9152,103032,1864375,0400000US04,Arizona,2011
2895928,2718059,2166104,447041,15797,34521,4842,2662,47092,177869,0400000US05,Arkansas,2011
36969200,23216457,15028200,2159863,151324,4760615,132395,95169,888891,13752743,0400000US06,California,2011
4966061,3954516,3491019,186206,28240,132102,5204,8423,103322,1011545,0400000US08,Colorado,2011
3558172,3094765,2554059,330025,5346,132894,1180,14364,56897,463407,0400000US09,Connecticut,2011
890856,820660,586953,185245,2387,28430,261,1686,15698,70196,0400000US10,Delaware,2011
593955,540583,202229,304769,1354,20645,311,1539,9736,53372,0400000US11,District of Columbia,2011
18688787,14566028,10917419,2831746,40237,447305,9993,53616,265712,4122759,0400000US12,Florida,2011
9600612,8776575,5405212,2887601,18540,306751,3962,24177,130332,824037,0400000US13,Georgia,2011
1346554,1227495,308067,20123,1887,511161,123650,1595,261012,119059,0400000US15,Hawaii,2011
1549987,1381038,1306061,8172,15915,18237,2230,1394,29029,168949,0400000US16,Idaho,2011
12790182,10802971,8177405,1835970,15092,578508,2650,22590,170756,1987211,0400000US17,Illinois,2011
6454254,6077085,5279665,568736,12117,98189,1066,9097,108215,377169,0400000US18,Indiana,2011
3032266,2888108,2698533,84067,7680,52218,1073,2147,42390,144158,0400000US19,Iowa,2011
2830985,2543386,2225141,159450,19743,66967,1584,2397,68104,287599,0400000US20,Kansas,2011
4316040,4191447,3737269,332858,7491,47197,2256,4462,59914,124593,0400000US21,Kentucky,2011
4484596,4300890,2722640,1421435,25300,68873,1484,6369,54789,183706,0400000US22,Louisiana,2011
1328543,1311236,1256736,13273,6888,13504,310,682,19843,17307,0400000US23,Maine,2011
5736545,5284684,3167532,1661299,11681,310966,2115,15576,115515,451861,0400000US24,Maryland,2011
6512227,5905305,5005318,397820,8405,343780,1450,44458,104074,606922,0400000US25,Massachusetts,2011
9920621,9488578,7609623,1381897,48838,243249,2389,12104,190478,432043,0400000US26,Michigan,2011
5278190,5035234,4404588,260576,52902,207288,2013,6108,101759,242956,0400000US27,Minnesota,2011
2956700,2881074,1722204,1091093,12422,25733,578,1754,27290,75626,0400000US28,Mississippi,2011
5955802,5749025,4829636,681405,20449,92863,5365,5475,113832,206777,0400000US29,Missouri,2011
982854,954486,863867,4117,59210,5809,641,512,20330,28368,0400000US30,Montana,2011
1813061,1653511,1498016,78562,12723,30409,1151,1276,31374,159550,0400000US31,Nebraska,2011
2673396,1974683,1466177,206587,24564,187393,15420,5471,69071,698713,0400000US32,Nevada,2011
1315911,1279459,1216365,13668,2258,27644,296,1852,17376,36452,0400000US33,New Hampshire,2011
8753064,7240813,5243145,1124735,10791,710796,1592,34723,115031,1512251,0400000US34,New Jersey,2011
2037136,1102835,832435,35602,175904,25595,941,3907,28451,934301,0400000US35,New Mexico,2011
19302448,15945701,11330687,2792043,46452,1404325,5115,91688,275391,3356747,0400000US36,New York,2011
9418736,8654029,6183777,1992921,103156,200617,4344,17065,152149,764707,0400000US37,North Carolina,2011
666783,653573,594594,6947,35069,6597,263,320,9783,13210,0400000US38,North Dakota,2011
11525536,11180166,9378209,1379192,17346,188995,1685,14984,199755,345370,0400000US39,Ohio,2011
3714520,3396513,2567299,266036,248122,62164,4118,3298,245476,318007,0400000US40,Oklahoma,2011
3801991,3365185,2996677,64512,38471,137412,13007,6048,109058,436806,0400000US41,Oregon,2011
12660739,11970611,10107947,1314650,13619,339823,2458,21647,170467,690128,0400000US42,Pennsylvania,2011
1053959,926143,810737,54436,3691,31096,356,6785,19042,127816,0400000US44,Rhode Island,2011
4575864,4353314,2940064,1273574,13479,55947,1891,5785,62574,222550,0400000US45,South Carolina,2011
807697,786158,686433,9148,67417,7491,175,519,14975,21539,0400000US46,South Dakota,2011
6297991,6020980,4779890,1042268,12221,89973,2940,5842,87846,277011,0400000US47,Tennessee,2011
24774187,15557947,11349192,2856383,69329,927023,17758,40018,298244,9216240,0400000US48,Texas,2011
2715379,2371365,2192184,26153,27254,53984,24424,3170,44196,344014,0400000US49,Utah,2011
624958,615507,590071,5215,1666,7442,151,664,10298,9451,0400000US50,Vermont,2011
7926192,7321310,5169156,1519526,18973,427211,4905,19229,162310,604882,0400000US51,Virginia,2011
6652845,5927472,4861907,225354,82398,467107,36270,12095,242341,725373,0400000US53,Washington,2011
1846372,1824365,1720600,57494,2775,11691,452,1037,30316,22007,0400000US54,West Virginia,2011
5664893,5340655,4737418,346766,45023,124865,1417,5068,80098,324238,0400000US55,Wisconsin,2011
554697,508306,478758,4188,11138,3955,189,287,9791,46391,0400000US56,Wyoming,2011
3742586,44632,33184,4291,101,2344,28,2151,2533,3697954,0400000US72,Puerto Rico,2011
4712651,4550280,3188814,1226430,23635,50839,1349,3474,55739,162371,0400000US01,Alabama,2010
691189,652796,444238,21519,95927,35384,6090,877,48761,38393,0400000US02,Alaska,2010
6246816,4432142,3667031,228860,253612,162134,11053,9792,99660,1814674,0400000US04,Arizona,2010
2872684,2704257,2158805,443320,17662,33075,3985,2737,44673,168427,0400000US05,Arkansas,2010
36637290,23181133,15107042,2163955,153430,4683828,131505,109184,832189,13456157,0400000US06,California,2010
4887061,3903735,3451276,181454,29196,130546,5254,8868,97141,983326,0400000US08,Colorado,2010
3545837,3098726,2567005,326938,5654,128884,1287,14854,54104,447111,0400000US09,Connecticut,2010
881278,814363,585658,181911,2486,27520,278,1653,14857,66915,0400000US10,Delaware,2010
584400,533099,194910,305427,1269,20160,362,1722,9249,51301,0400000US11,District of Columbia,2010
18511620,14516296,10932256,2795887,39318,436464,9616,57381,245374,3995324,0400000US12,Florida,2010
9468815,8684103,5381770,2843662,18350,295151,4162,24863,116145,784712,0400000US13,Georgia,2010
1333591,1218158,306616,19659,2091,512664,122186,1681,253261,115433,0400000US15,Hawaii,2010
1526797,1365460,1292746,7955,15291,17468,2163,1139,28698,161337,0400000US16,Idaho,2010
12745359,10805431,8202650,1837744,15095,566288,2754,23764,157136,1939928,0400000US17,Illinois,2010
6417398,6055926,5271451,565835,11994,95085,1321,9665,100575,361472,0400000US18,Indiana,2010
3016267,2879335,2696669,81056,7655,49716,920,2333,40986,136932,0400000US19,Iowa,2010
2809329,2533221,2220952,158460,20442,65651,1524,2042,64150,276108,0400000US20,Kansas,2010
4285828,4168480,3724731,327658,7750,45222,2361,4272,56486,117348,0400000US21,Kentucky,2010
4429940,4257186,2711272,1397762,24708,66713,1098,5820,49813,172754,0400000US22,Louisiana,2010
1327665,1310622,1258372,13168,6780,13251,438,639,17974,17043,0400000US23,Maine,2010
5696423,5266477,3179571,1645250,11486,302407,2223,15391,110149,429946,0400000US24,Maryland,2010
6477096,5892121,5013857,390908,8656,334175,1856,46065,96604,584975,0400000US25,Massachusetts,2010
9952687,9529275,7654981,1389178,48753,241673,2378,13427,178885,423412,0400000US26,Michigan,2010
5241914,5008198,4396841,253293,52207,203068,1995,6743,94051,233716,0400000US27,Minnesota,2010
2941991,2872157,1722204,1084941,12406,24621,610,1638,25737,69834,0400000US28,Mississippi,2010
5922314,5723644,4818816,674740,20396,91558,4810,5310,108014,198670,0400000US29,Missouri,2010
973739,946479,857768,4001,58182,6027,556,628,19317,27260,0400000US30,Montana,2010
1799125,1647154,1494958,76860,12736,29401,1041,1561,30597,151971,0400000US31,Nebraska,2010
2633331,1959434,1466994,201013,23771,181429,14513,5566,66148,673897,0400000US32,Nevada,2010
1313939,1278601,1217683,13401,2494,27691,287,1889,15156,35338,0400000US33,New Hampshire,2010
8721577,7253401,5282611,1125036,10442,693205,1591,33905,106611,1468176,0400000US34,New Jersey,2010
2013122,1099220,832107,35333,175585,25586,894,4425,25290,913902,0400000US35,New Mexico,2010
19229752,15940872,11374937,2787224,47386,1381522,3945,94554,251304,3288880,0400000US36,New York,2010
9271178,8547770,6129064,1961338,101099,192829,4604,17671,141165,723408,0400000US37,North Carolina,2010
659858,646980,590077,6778,34141,6030,356,362,9236,12878,0400000US38,North Dakota,2010
11512431,11179412,9398011,1376779,18922,185293,1670,15230,183507,333019,0400000US39,Ohio,2010
3675339,3373172,2559664,263078,249870,60475,3787,3692,232606,302167,0400000US40,Oklahoma,2010
3761925,3341730,2984428,62677,38653,133879,11736,5006,105351,420195,0400000US41,Oregon,2010
12612705,11956197,10124301,1307223,13952,330366,2609,21000,156746,656508,0400000US42,Pennsylvania,2010
1056389,931957,818087,54648,3812,30572,238,6810,17790,124432,0400000US44,Rhode Island,2010
4511428,4302674,2907675,1262372,12646,53574,1702,5862,58843,208754,0400000US45,South Carolina,2010
799462,779018,682633,8576,66677,6999,207,610,13316,20444,0400000US46,South Dakota,2010
6234968,5973520,4750495,1031001,13073,86830,2794,6053,83274,261448,0400000US47,Tennessee,2010
24311891,15394414,11286712,2810118,67744,892981,16874,43791,276194,8917477,0400000US48,Texas,2010
2657236,2330430,2158993,24855,27784,52048,23351,2698,40701,326806,0400000US49,Utah,2010
624258,615104,590772,5198,1733,7362,82,620,9337,9154,0400000US50,Vermont,2010
7841754,7266788,5151070,1510543,18555,413524,5199,19301,148596,574966,0400000US51,Virginia,2010
6561297,5869749,4837275,221828,83762,453753,35063,12335,225733,691548,0400000US53,Washington,2010
1840802,1819847,1719766,58198,2939,11398,412,919,26215,20955,0400000US54,West Virginia,2010
5637947,5327398,4735425,343420,45340,121582,1444,5446,74741,310549,0400000US55,Wisconsin,2010
545579,499797,470732,3957,11237,4073,242,401,9155,45782,0400000US56,Wyoming,2010
3762322,45452,33731,4411,48,2904,29,2402,1927,3716870,0400000US72,Puerto Rico,2010
4893186,4680235,3192147,1292950,21297,67317,1887,9779,94858,212951,0400000US01,Alabama,2020
736990,683931,439979,22720,103843,45855,10306,2953,58275,53059,0400000US02,Alaska,2020
7174064,4913374,3883722,305973,272294,233048,13323,17453,187561,2260690,0400000US04,Arizona,2020
3011873,2782244,2155099,455485,15912,45389,10258,6974,93127,229629,0400000US05,Arkansas,2020
39346023,23965094,14365145,2142371,131724,5743983,135524,124148,1322199,15380929,0400000US06,California,2020
5684926,4453800,3837450,224190,29337,178265,7794,12208,164556,1231126,0400000US08,Colorado,2020
3570549,2983337,2357942,352036,4882,161787,742,12802,93146,587212,0400000US09,Connecticut,2020
967679,876329,595236,208126,2836,38249,290,3504,28088,91350,0400000US10,Delaware,2020
701974,623993,257792,312661,1298,28347,283,3565,20047,77981,0400000US11,District of Columbia,2020
21216924,15748098,11331222,3231108,39070,579476,10889,90892,465441,5468826,0400000US12,Florida,2020
10516579,9503522,5478289,3275581,17433,430473,5441,38425,257880,1013057,0400000US13,Georgia,2020
1420074,1267508,306360,25130,2100,522125,137046,2539,272208,152566,0400000US15,Hawaii,2020
1754367,1531400,1427529,10558,18866,23603,2611,3235,44998,222967,0400000US16,Idaho,2020
12716164,10525468,7737459,1766586,13301,702457,3305,24851,277509,2190696,0400000US17,Illinois,2020
6696893,6221418,5253453,622317,10363,157076,1790,16838,159581,475475,0400000US18,Indiana,2020
3150011,2955604,2677946,114312,8055,78873,3644,3233,69541,194407,0400000US19,Iowa,2020
2912619,2561017,2193988,159797,17788,85734,1889,5978,95843,351602,0400000US20,Kansas,2020
4461952,4294003,3751738,356048,7075,67524,2691,9350,99577,167949,0400000US21,Kentucky,2020
4664616,4421244,2720638,1489071,23328,79976,1527,12922,93782,243372,0400000US22,Louisiana,2020
1340825,1317682,1242113,17761,8011,15157,159,2283,32198,23143,0400000US23,Maine,2020
6037624,5418206,3028494,1773702,11223,382027,1954,24269,196537,619418,0400000US24,Maryland,2020
6873003,6044863,4865022,466288,8943,462831,2327,53983,185469,828140,0400000US25,Massachusetts,2020
9973907,9452704,7428622,1342592,42931,314736,2675,27247,293901,521203,0400000US26,Michigan,2020
5600166,5292491,4422490,354540,48409,273100,1905,17494,174553,307675,0400000US27,Minnesota,2020
2981835,2887493,1680938,1118689,12897,29561,1090,5139,39179,94342,0400000US28,Mississippi,2020
6124160,5861483,4826943,692510,20646,122506,7876,12840,178162,262677,0400000US29,Missouri,2020
1061705,1020204,908782,4931,62720,8527,552,1663,33029,41501,0400000US30,Montana,2020
1923826,1708874,1507127,89744,13378,47539,1051,2602,47433,214952,0400000US31,Nebraska,2020
3030281,2154483,1460159,271744,25928,246904,19401,11581,118766,875798,0400000US32,Nevada,2020
1355244,1302452,1214029,18343,1895,36398,320,2042,29425,52792,0400000US33,New Hampshire,2020
8885418,7070340,4858807,1121134,10290,851568,2122,42308,184111,1815078,0400000US34,New Jersey,2020
2097021,1065233,769139,37975,179881,31328,1408,5934,39568,1031788,0400000US35,New Mexico,2020
19514849,15794142,10766297,2737471,42429,1657284,5537,117708,467416,3720707,0400000US36,New York,2020
10386227,9395176,6503292,2182623,108223,306140,6249,30335,258314,991051,0400000US37,North Carolina,2020
760394,730069,636284,23459,37170,11831,983,1220,19122,30325,0400000US38,North Dakota,2020
11675275,11215336,9141370,1422412,14901,266601,3367,30924,335761,459939,0400000US39,Ohio,2020
3949342,3517875,2563119,282134,288801,85858,5820,6774,285369,431467,0400000US40,Oklahoma,2020
4176346,3624067,3128494,75418,35842,185221,15614,10660,172818,552279,0400000US41,Oregon,2020
12794885,11823072,9685118,1352329,12224,445725,2968,38765,285943,971813,0400000US42,Pennsylvania,2020
1057798,889791,755708,58680,2832,35856,648,6870,29197,168007,0400000US44,Rhode Island,2020
5091517,4794620,3230111,1337126,14085,82800,3384,13540,113574,296897,0400000US45,South Carolina,2020
879336,843248,715328,18436,72142,12275,494,824,23749,36088,0400000US46,South Dakota,2020
6772268,6395106,4969371,1118600,13814,121808,3439,15482,152592,377162,0400000US47,Tennessee,2020
28635442,17341185,11850477,3367449,65132,1396953,21477,55897,583800,11294257,0400000US48,Texas,2020
3151239,2705172,2455192,34982,27734,72061,28820,6851,79532,446067,0400000US49,Utah,2020
624340,611822,576601,7496,1538,10042,192,972,14981,12518,0400000US50,Vermont,2020
8509358,7698588,5209336,1590974,16856,564706,4680,26839,285197,810770,0400000US51,Virginia,2020
7512465,6540943,5067909,279720,75677,656578,49219,23363,388477,971522,0400000US53,Washington,2020
1807426,1778747,1654681,63133,3072,13948,453,4314,39146,28679,0400000US54,West Virginia,2020
5806975,5398708,4681072,360526,43830,162010,2174,14407,134689,408267,0400000US55,Wisconsin,2020
581348,522494,485816,4712,11596,4746,482,825,14317,58854,0400000US56,Wyoming,2020
3255642,43017,31715,3214,151,2189,24,3404,2320,3212625,0400000US72,Puerto Rico,2020
4817678,4625840,3206588,1263162,23152,57780,1284,4678,69196,191838,0400000US01,Alabama,2014
728300,683053,458284,23787,99892,40357,7994,922,51817,45247,0400000US02,Alaska,2014
6561516,4584490,3734853,257620,262626,186451,11720,7032,124188,1977026,0400000US04,Arizona,2014
2947036,2748927,2178191,455402,16689,38025,6178,2779,51663,198109,0400000US05,Arkansas,2014
38066920,23532471,14905601,2155929,145736,5062736,136464,81869,1044136,14534449,0400000US06,California,2014
5197580,4108978,3605199,198952,28452,143581,5921,7963,118910,1088602,0400000US08,Colorado,2014
3592053,3079258,2508360,342043,4830,144619,879,11587,66940,512795,0400000US09,Connecticut,2014
917060,838462,590218,193047,2420,31465,169,1794,19349,78598,0400000US10,Delaware,2014
633736,571099,224184,308766,1384,22512,186,1311,12756,62637,0400000US11,District of Columbia,2014
19361792,14844601,10958680,2979524,42175,482166,10880,51634,319542,4517191,0400000US12,Florida,2014
9907756,9011039,5448717,3014233,18273,342506,3716,20476,163118,896717,0400000US13,Georgia,2014
1392704,1259219,318407,25044,1920,517525,127902,1528,266893,133485,0400000US15,Hawaii,2014
1599464,1413090,1333061,8699,16803,20747,2032,1168,30580,186374,0400000US16,Idaho,2014
12868747,10773252,8088630,1822304,14685,622689,2564,16926,205454,2095495,0400000US17,Illinois,2014
6542411,6130875,5286730,589861,12194,113904,1599,8935,117652,411536,0400000US18,Indiana,2014
3078116,2915006,2702644,93293,7867,59235,1663,2300,48004,163110,0400000US19,Iowa,2014
2882946,2566805,2231182,162948,20015,72127,1562,2041,76930,316141,0400000US20,Kansas,2014
4383272,4243636,3760868,340235,7387,53004,1933,4159,76050,139636,0400000US21,Kentucky,2014
4601049,4390525,2748538,1468208,25498,74878,1604,7158,64641,210524,0400000US22,Louisiana,2014
1328535,1309943,1249385,14456,7243,14324,192,796,23547,18592,0400000US23,Maine,2014
5887776,5372052,3153084,1710040,12119,342626,2173,12513,139497,515724,0400000US24,Maryland,2014
6657291,5975467,4992644,423855,8106,382741,1364,40597,126160,681824,0400000US25,Massachusetts,2014
9889024,9431915,7526388,1368159,48437,257464,1757,11526,218184,457109,0400000US26,Michigan,2014
5383661,5119396,4421799,285362,52062,229592,1862,6271,122448,264265,0400000US27,Minnesota,2014
2984345,2900272,1718713,1109239,11893,27944,363,2472,29648,84073,0400000US28,Mississippi,2014
6028076,5801688,4851262,690115,21697,100628,5828,7415,124743,226388,0400000US29,Missouri,2014
1006370,974468,877713,4426,62992,6484,659,374,21820,31902,0400000US30,Montana,2014
1855617,1675169,1506879,83932,12907,35325,1070,1409,33647,180448,0400000US31,Nebraska,2014
2761584,2009535,1455192,220503,24304,203924,16552,4110,84950,752049,0400000US32,Nevada,2014
1321069,1280768,1210946,14488,2139,30371,280,2004,20540,40301,0400000US33,New Hampshire,2014
8874374,7224590,5131568,1133259,10402,775252,2102,38266,133741,1649784,0400000US34,New Jersey,2014
2080085,1101896,824291,37519,177555,26991,942,3718,30880,978189,0400000US35,New Mexico,2014
19594330,16034686,11220383,2824566,47213,1511457,4700,96258,330109,3559644,0400000US36,New York,2014
9750405,8901808,6294528,2062599,106210,229891,5512,18389,184679,848597,0400000US37,North Carolina,2014
704925,686675,618458,10396,36175,8046,286,284,13030,18250,0400000US38,North Dakota,2014
11560380,11180838,9311563,1388915,17010,207041,2561,14075,239673,379542,0400000US39,Ohio,2014
3818851,3460935,2587971,272812,262913,70171,4231,2468,260369,357916,0400000US40,Oklahoma,2014
3900343,3426614,3027597,67305,37699,149886,13942,6134,124051,473729,0400000US41,Oregon,2014
12758729,11974167,10020439,1340926,15199,374994,2023,19180,201406,784562,0400000US42,Pennsylvania,2014
1053252,913420,790922,55066,3820,32433,428,7534,23217,139832,0400000US44,Rhode Island,2014
4727273,4478814,3021819,1295991,14156,62570,2260,4426,77592,248459,0400000US45,South Carolina,2014
834708,808249,697982,12289,69625,9408,217,428,18300,26459,0400000US46,South Dakota,2014
6451365,6141537,4838950,1074696,13660,97857,2872,5782,107720,309828,0400000US47,Tennessee,2014
26092033,16129390,11562453,3015767,65974,1053474,18730,33114,379878,9962643,0400000US48,Texas,2014
2858111,2478657,2279901,28719,28134,59852,25754,4531,51766,379454,0400000US49,Utah,2014
626358,616132,587883,6276,1888,8141,178,588,11178,10226,0400000US50,Vermont,2014
8185131,7497866,5227415,1549909,17252,472435,4976,16733,209146,687265,0400000US51,Virginia,2014
6899123,6089125,4921929,240560,82247,513813,41074,9001,280501,809998,0400000US53,Washington,2014
1853881,1829820,1718871,58425,2884,12991,529,1388,34732,24061,0400000US54,West Virginia,2014
5724692,5369400,4733711,351201,45617,136534,1176,3674,97487,355292,0400000US55,Wisconsin,2014
575251,521070,487918,5770,11238,5242,312,163,10427,54181,0400000US56,Wyoming,2014
3638965,37047,25583,3037,99,2288,55,1669,4316,3601918,0400000US72,Puerto Rico,2014
4799277,4610983,3205483,1255663,22969,56429,1241,4503,64695,188294,0400000US01,Alabama,2013
720316,677484,457176,23790,98678,38688,7665,714,50773,42832,0400000US02,Alaska,2013
6479703,4543755,3716047,252752,258904,178627,11818,7539,118068,1935948,0400000US04,Arizona,2013
2933369,2741105,2176057,452099,16382,37460,5653,2652,50802,192264,0400000US05,Arkansas,2013
37659181,23388836,14937880,2153341,146496,4938488,136053,81604,994974,14270345,0400000US06,California,2013
5119329,4055320,3567335,193256,27895,138872,5705,8165,114092,1064009,0400000US08,Colorado,2013
3583561,3086622,2526401,337758,4785,140592,1149,12204,63733,496939,0400000US09,Connecticut,2013
908446,832339,588561,190353,2400,30176,268,2017,18564,76107,0400000US10,Delaware,2013
619371,559892,217331,305877,1426,21621,233,1283,12121,59479,0400000US11,District of Columbia,2013
19091156,14721236,10926354,2925982,40699,467119,10104,49709,301269,4369920,0400000US12,Florida,2013
9810417,8934568,5435939,2970755,18330,328720,3925,21147,155752,875849,0400000US13,Georgia,2013
1376298,1248127,314177,22695,1885,515139,126227,1936,266068,128171,0400000US15,Hawaii,2013
1583364,1402463,1324568,8267,16390,19467,2117,1311,30343,180901,0400000US16,Idaho,2013
12848554,10787848,8126804,1825101,14733,605095,2446,17221,196448,2060706,0400000US17,Illinois,2013
6514861,6114073,5286405,584570,12023,106770,1538,9396,113371,400788,0400000US18,Indiana,2013
3062553,2904842,2702157,89485,7418,55450,1314,2424,46594,157711,0400000US19,Iowa,2013
2868107,2559985,2230704,160429,19925,69982,1794,2255,74896,308122,0400000US20,Kansas,2013
4361333,4224993,3753192,337102,7484,50954,1874,3852,70535,136340,0400000US21,Kentucky,2013
4567968,4365823,2742184,1454343,25018,72834,1939,6891,62614,202145,0400000US22,Louisiana,2013
1328320,1310374,1251964,14134,7090,14049,239,601,22297,17946,0400000US23,Maine,2013
5834299,5340989,3158454,1692104,12249,330384,2247,13125,132426,493310,0400000US24,Maryland,2013
6605058,5949195,5000518,413926,7934,365973,1577,40370,118897,655863,0400000US25,Massachusetts,2013
9886095,9438501,7546578,1370247,48747,250084,2002,11066,209777,447594,0400000US26,Michigan,2013
5347740,5090596,4416170,275133,53269,221520,2082,6457,115965,257144,0400000US27,Minnesota,2013
2976872,2895439,1720552,1102694,12092,27530,272,2074,30225,81433,0400000US28,Mississippi,2013
6007182,5787477,4847928,685908,20465,98060,6173,7203,121740,219705,0400000US29,Missouri,2013
998554,968064,873108,3941,62353,6069,652,513,21428,30490,0400000US30,Montana,2013
1841625,1667722,1503898,82208,13232,33769,1219,1677,31719,173903,0400000US31,Nebraska,2013
2730066,1995969,1457795,216109,24313,199106,16174,4228,78244,734097,0400000US32,Nevada,2013
1319171,1280354,1212922,14534,2200,29219,214,1977,19288,38817,0400000US33,New Hampshire,2013
8832406,7228896,5170824,1128472,10076,751861,1944,36387,129332,1603510,0400000US34,New Jersey,2013
2069706,1103438,828574,36710,177269,26202,1160,3599,29924,966268,0400000US35,New Mexico,2013
19487053,15998970,11264136,2809061,47350,1468710,5814,93224,310675,3488083,0400000US36,New York,2013
9651380,8826512,6261792,2040418,104296,219381,4882,17488,178255,824868,0400000US37,North Carolina,2013
689781,673727,608963,8894,35876,7285,316,309,12084,16054,0400000US38,North Dakota,2013
11549590,11182196,9336539,1385134,16690,199674,2136,14064,227959,367394,0400000US39,Ohio,2013
3785742,3440603,2582335,269717,255929,66720,4208,2854,258840,345139,0400000US40,Oklahoma,2013
3868721,3406820,3018414,66223,37750,145830,14572,6049,117982,461901,0400000US41,Oregon,2013
12731381,11977680,10057586,1333222,13856,361527,1998,18156,191335,753701,0400000US42,Pennsylvania,2013
1051695,916378,796516,55265,3587,31782,294,7362,21572,135317,0400000US44,Rhode Island,2013
4679602,4438154,2995377,1289882,13573,60605,2090,4741,71886,241448,0400000US45,South Carolina,2013
825198,800600,693613,11279,69674,8577,225,444,16788,24598,0400000US46,South Dakota,2013
6402387,6102228,4820109,1066128,12785,95295,2880,5368,99663,300159,0400000US47,Tennessee,2013
25639373,15921646,11488269,2956545,66100,1005797,18011,34413,352511,9717727,0400000US48,Texas,2013
2813673,2445121,2253922,28130,27654,57439,25547,3682,48747,368552,0400000US49,Utah,2013
625904,616101,588820,5964,1693,7835,108,508,11173,9803,0400000US50,Vermont,2013
8100653,7441054,5211870,1540367,18040,454379,5172,16170,195056,659599,0400000US51,Virginia,2013
6819579,6035886,4904925,235721,82263,495034,39462,9903,268578,783693,0400000US53,Washington,2013
1853619,1830334,1721469,57804,2719,12652,594,1232,33864,23285,0400000US54,West Virginia,2013
5706871,5361005,4736069,349446,45264,131909,1146,4072,93099,345866,0400000US55,Wisconsin,2013
570134,517680,485654,5060,11524,4671,173,217,10381,52454,0400000US56,Wyoming,2013
3682966,39729,27855,3235,102,2414,49,1577,4497,3643237,0400000US72,Puerto Rico,2013
4850771,4652396,3198079,1280946,22589,62100,1461,6988,80233,198375,0400000US01,Alabama,2017
738565,688403,454498,22534,101704,44710,8784,1396,54777,50162,0400000US02,Alaska,2017
6809946,4706423,3786418,276146,266680,207330,12009,8596,149244,2103523,0400000US04,Arizona,2017
2977944,2764698,2174326,457251,17002,41896,6979,4283,62961,213246,0400000US05,Arkansas,2017
38982847,23876987,14777594,2161459,137813,5427928,138283,93746,1140164,15105860,0400000US06,California,2017
5436519,4279319,3731976,209885,28624,161733,7471,10577,129053,1157200,0400000US08,Colorado,2017
3594478,3042562,2446049,350820,5201,154910,665,11615,73302,551916,0400000US09,Connecticut,2017
943732,858939,594911,201411,2887,36094,201,1831,21604,84793,0400000US10,Delaware,2017
672391,600562,241901,315159,1140,25063,241,2194,14864,71829,0400000US11,District of Columbia,2017
20278447,15263432,11124951,3129406,41706,533524,10189,63059,360597,5015015,0400000US12,Florida,2017
10201635,9251255,5469446,3150514,18199,386669,4605,28662,193160,950380,0400000US13,Georgia,2017
1421658,1276277,316047,23977,1776,526199,131366,1472,275440,145381,0400000US15,Hawaii,2017
1657375,1455397,1368118,10658,17902,21937,1979,905,33898,201978,0400000US16,Idaho,2017
12854526,10692456,7955484,1806398,14458,666890,2979,19061,227186,2162070,0400000US17,Illinois,2017
6614418,6172450,5280583,604249,12148,136671,1993,9179,127627,441968,0400000US18,Indiana,2017
3118102,2939808,2697252,104194,8641,70748,2707,2775,53491,178294,0400000US19,Iowa,2017
2903820,2568960,2220256,163490,19241,80142,1685,2438,81708,334860,0400000US20,Kansas,2017
4424376,4272304,3764473,348472,8062,59254,2049,4994,85000,152072,0400000US21,Kentucky,2017
4663461,4431753,2752253,1490050,24762,80543,1165,7817,75163,231708,0400000US22,Louisiana,2017
1330158,1309731,1244859,16065,7644,14653,232,794,25484,20427,0400000US23,Maine,2017
5996079,5422776,3109275,1754143,11634,370660,2441,17279,157344,573303,0400000US24,Maryland,2017
6789319,6029142,4952367,453683,8857,424161,1714,48533,139827,760177,0400000US25,Massachusetts,2017
9925568,9441000,7493362,1359208,44263,287881,2347,14204,239735,484568,0400000US26,Michigan,2017
5490726,5206077,4434473,321543,51999,254496,1626,7247,134693,284649,0400000US27,Minnesota,2017
2986220,2897959,1702268,1118458,12560,28725,572,2345,33031,88261,0400000US28,Mississippi,2017
6075300,5830880,4849068,698140,22763,111730,5757,8976,134446,244420,0400000US29,Missouri,2017
1029862,993236,891990,4080,64251,7262,537,310,24806,36626,0400000US30,Montana,2017
1893921,1695621,1512046,87260,13112,41929,1355,2095,37824,198300,0400000US31,Nebraska,2017
2887725,2073420,1457272,242682,24402,228268,17510,6429,96857,814305,0400000US32,Nevada,2017
1331848,1286582,1211110,16167,1850,33048,234,1524,22649,45266,0400000US33,New Hampshire,2017
8960161,7195641,5023606,1136347,9282,838872,2114,37538,147882,1764520,0400000US34,New Jersey,2017
2084828,1080725,795728,37287,181382,28005,956,3915,33452,1004103,0400000US35,New Mexico,2017
19798228,16071990,11071563,2842869,45623,1639345,5686,106834,360070,3726238,0400000US36,New York,2017
10052564,9137772,6397460,2127294,109080,267079,5188,21712,209959,914792,0400000US37,North Carolina,2017
745475,720731,638773,17014,38662,10047,316,704,15215,24744,0400000US38,North Dakota,2017
11609756,11195266,9243187,1408708,17032,234192,3035,16755,272357,414490,0400000US39,Ohio,2017
3896251,3501372,2589210,278887,276650,79316,5158,3864,268287,394879,0400000US40,Oklahoma,2017
4025127,3515620,3079995,72636,34905,164546,14524,5519,143495,509507,0400000US41,Oregon,2017
12790505,11915672,9881135,1358263,14315,414492,2243,20232,224992,874833,0400000US42,Pennsylvania,2017
1056138,902228,773388,57860,3904,35027,695,7201,24153,153910,0400000US44,Rhode Island,2017
4893444,4626046,3119676,1321219,13464,71123,2776,7566,90222,267398,0400000US45,South Carolina,2017
855444,825543,707282,14292,71127,11639,329,554,20320,29901,0400000US46,South Dakota,2017
6597381,6257318,4898888,1099118,15064,109828,3358,8201,122861,340063,0400000US47,Tennessee,2017
27419612,16745703,11755493,3199022,65883,1222975,20170,39153,443007,10673909,0400000US48,Texas,2017
2993941,2584630,2365205,31714,28210,66594,26216,4662,62029,409311,0400000US49,Utah,2017
624636,613453,582404,7534,1852,9638,157,736,11132,11183,0400000US50,Vermont,2017
8365952,7616494,5238967,1576081,17533,516080,4609,20582,242642,749458,0400000US51,Virginia,2017
7169967,6287859,5001482,251603,79825,573457,44465,10627,326400,882108,0400000US53,Washington,2017
1836843,1809822,1694887,64414,3177,13858,498,3062,29926,27021,0400000US54,West Virginia,2017
5763217,5382627,4715129,359094,45947,151358,1520,4483,105096,380590,0400000US55,Wisconsin,2017
583200,526519,491626,5791,11976,4915,373,208,11630,56681,0400000US56,Wyoming,2017
3468963,36352,26416,2720,84,2225,55,1961,2891,3432611,0400000US72,Puerto Rico,2017
4841164,4647661,3204335,1275780,21879,60240,1371,6322,77734,193503,0400000US01,Alabama,2016
736855,687824,456575,23008,100619,43379,8584,1239,54420,49031,0400000US02,Alaska,2016
6728577,4673728,3777876,270045,266191,199520,11832,7977,140287,2054849,0400000US04,Arizona,2016
2968472,2761423,2177900,457822,16300,41179,6714,3258,58250,207049,0400000US05,Arkansas,2016
38654206,23750224,14837242,2158363,136582,5280818,138956,90413,1107850,14903982,0400000US06,California,2016
5359295,4227003,3696127,207585,28804,154498,6530,10120,123339,1132292,0400000US08,Colorado,2016
3588570,3050842,2464450,347674,4937,151376,808,10940,70657,537728,0400000US09,Connecticut,2016
934695,852033,593565,197550,2861,34163,198,2300,21396,82662,0400000US10,Delaware,2016
659009,589903,235722,312557,1235,23675,239,1903,14572,69106,0400000US11,District of Columbia,2016
19934451,15127597,11080426,3078918,40390,511264,9597,58235,348767,4806854,0400000US12,Florida,2016
10099320,9172330,5466239,3105273,18256,371852,4354,26295,180061,926990,0400000US13,Georgia,2016
1413673,1271846,316285,23768,1830,523697,131327,1593,273346,141827,0400000US15,Hawaii,2016
1635483,1439894,1355896,9818,17635,20566,1809,948,33222,195589,0400000US16,Idaho,2016
12851684,10715210,7996856,1810559,14378,650929,2994,18545,220949,2136474,0400000US17,Illinois,2016
6589578,6160056,5284680,599629,12763,129420,2013,9572,121979,429522,0400000US18,Indiana,2016
3106589,2933882,2701600,100660,8310,66187,2276,2756,52093,172707,0400000US19,Iowa,2016
2898292,2570553,2227043,163121,19968,77012,1668,1953,79788,327739,0400000US20,Kansas,2016
4411989,4265044,3766346,345715,7710,56789,2359,4815,81310,146945,0400000US21,Kentucky,2016
4645670,4422262,2754643,1483906,24050,78263,1264,7563,72573,223408,0400000US22,Louisiana,2016
1329923,1310151,1246606,15472,7523,14512,189,872,24977,19772,0400000US23,Maine,2016
5959902,5409756,3128390,1738618,11695,359997,2416,14939,153701,550146,0400000US24,Maryland,2016
6742143,6010404,4970011,443182,8330,409643,1481,43548,134209,731739,0400000US25,Massachusetts,2016
9909600,9435219,7503076,1361993,45525,275696,2103,13569,233257,474381,0400000US26,Michigan,2016
5450868,5174842,4432384,305403,51971,245360,1639,6977,131108,276026,0400000US27,Minnesota,2016
2989192,2902488,1710126,1117387,12159,28447,457,2757,31155,86704,0400000US28,Mississippi,2016
6059651,5822367,4850569,696649,22474,106801,5886,8742,131246,237284,0400000US29,Missouri,2016
1023391,988550,888635,3948,64480,7266,793,287,23141,34841,0400000US30,Montana,2016
1881259,1689457,1511352,85911,12981,39508,1173,2123,36409,191802,0400000US31,Nebraska,2016
2839172,2048675,1455508,233440,24377,218782,17081,5376,94111,790497,0400000US32,Nevada,2016
1327503,1284003,1211271,15565,1855,31835,229,1726,21522,43500,0400000US33,New Hampshire,2016
8915456,7195625,5054611,1133918,9509,813826,2158,37978,143625,1719831,0400000US34,New Jersey,2016
2082669,1086838,805603,37318,179116,27448,963,4233,32157,995831,0400000US35,New Mexico,2016
19697457,16035528,11111314,2829883,45532,1586428,5819,105557,350995,3661929,0400000US36,New York,2016
9940828,9056065,6361438,2104597,108347,252502,5616,20890,202675,884763,0400000US37,North Carolina,2016
736162,713165,635834,14492,37363,9146,309,335,15686,22997,0400000US38,North Dakota,2016
11586941,11186009,9265123,1402423,17022,222866,2781,15580,260214,400932,0400000US39,Ohio,2016
3875589,3494122,2593871,276559,274062,76630,4740,3565,264695,381467,0400000US40,Oklahoma,2016
3982267,3487461,3066467,70359,35074,158209,14245,4905,138202,494806,0400000US41,Oregon,2016
12783977,11940813,9934801,1353424,14331,398900,2374,18880,218103,843164,0400000US42,Pennsylvania,2016
1054491,906116,780278,57348,3848,34003,511,7023,23105,148375,0400000US44,Rhode Island,2016
4834605,4576244,3087207,1311344,14087,67865,2614,6746,86381,258361,0400000US45,South Carolina,2016
851058,821871,705403,13679,71122,11325,283,720,19339,29187,0400000US46,South Dakota,2016
6548009,6220664,4879669,1092491,15063,104540,2955,7800,118146,327345,0400000US47,Tennessee,2016
26956435,16543285,11705684,3134962,63336,1161742,18990,35509,423062,10413150,0400000US48,Texas,2016
2948427,2550512,2339279,30243,27209,65192,25861,3957,58771,397915,0400000US49,Utah,2016
626249,615349,585154,7050,1804,9207,156,716,11262,10900,0400000US50,Vermont,2016
8310301,7585209,5245259,1568053,17077,499517,4828,18864,231611,725092,0400000US51,Virginia,2016
7073146,6218871,4978375,246909,80697,547117,43424,9404,312945,854275,0400000US53,Washington,2016
1846092,1819845,1706156,62385,3053,13757,505,2064,31925,26247,0400000US54,West Virginia,2016
5754798,5383593,4727553,355387,47157,147191,1149,3464,101692,371205,0400000US55,Wisconsin,2016
583029,526643,491859,6176,11449,5232,303,150,11474,56386,0400000US56,Wyoming,2016
3529385,37219,26600,2806,90,2371,86,1717,3549,3492166,0400000US72,Puerto Rico,2016
4777326,4595058,3202443,1249402,23655,54487,1211,3547,60313,182268,0400000US01,Alabama,2012
711139,670768,454689,22704,96967,37455,7120,830,51003,40371,0400000US02,Alaska,2012
6410979,4508033,3701932,246474,257107,173231,11568,8063,109658,1902946,0400000US04,Arizona,2012
2916372,2731133,2172674,450555,16024,35405,5375,2560,48540,185239,0400000US05,Arkansas,2012
37325068,23300959,14977510,2152554,147899,4854863,134423,86389,947321,14024109,0400000US06,California,2012
5042853,4002375,3528458,190846,27990,134749,5441,7666,107225,1040478,0400000US08,Colorado,2012
3572213,3092028,2542435,333894,5030,137054,1320,12284,60011,480185,0400000US09,Connecticut,2012
900131,826901,588086,188442,2362,29029,192,1832,16958,73230,0400000US10,Delaware,2012
605759,549500,209183,305141,1518,21273,312,1314,10759,56259,0400000US11,District of Columbia,2012
18885152,14637725,10917268,2877254,40363,456391,10398,49148,286903,4247427,0400000US12,Florida,2012
9714569,8860967,5424856,2932160,18806,316746,3875,21040,143484,853602,0400000US13,Georgia,2012
1362730,1239848,310367,20826,1768,515616,126502,1918,262851,122882,0400000US15,Hawaii,2012
1567803,1392291,1316166,8121,15761,18524,1983,1458,30278,175512,0400000US16,Idaho,2012
12823860,10796476,8149479,1834505,14509,590488,2471,20344,184680,2027384,0400000US17,Illinois,2012
6485530,6096436,5284553,574702,12511,101980,1230,9253,112207,389094,0400000US18,Indiana,2012
3047646,2896619,2700729,86578,7310,53625,1269,2144,44964,151027,0400000US19,Iowa,2012
2851183,2552547,2229454,160020,19602,68188,1515,2401,71367,298636,0400000US20,Kansas,2012
4340167,4209128,3746258,335145,7224,49250,2203,4061,64987,131039,0400000US21,Kentucky,2012
4529605,4337023,2732796,1441082,25297,70914,1606,6923,58405,192582,0400000US22,Louisiana,2012
1329084,1311843,1254741,13682,6936,13744,284,550,21906,17241,0400000US23,Maine,2012
5785496,5313211,3163295,1675532,12165,321501,2166,13605,124947,472285,0400000US24,Maryland,2012
6560595,5930189,5006403,407341,7962,355459,1290,42114,109620,630406,0400000US25,Massachusetts,2012
9897264,9458866,7573403,1377045,49894,244338,2413,10939,200834,438398,0400000US26,Michigan,2012
5313081,5063056,4410412,267757,52569,214886,1946,5816,109670,250025,0400000US27,Minnesota,2012
2967620,2888986,1721075,1098146,12135,26301,344,1726,29259,78634,0400000US28,Mississippi,2012
5982413,5770261,4840138,684756,20562,95119,5737,6529,117420,212152,0400000US29,Missouri,2012
990785,961801,868906,3936,60410,5872,645,583,21449,28984,0400000US30,Montana,2012
1827306,1660151,1500944,80644,13408,32041,978,1336,30800,167155,0400000US31,Nebraska,2012
2704204,1986369,1462400,210782,24967,193479,15876,4534,74331,717835,0400000US32,Nevada,2012
1317474,1280119,1214875,14289,2039,28594,203,1703,18416,37355,0400000US33,New Hampshire,2012
8793888,7236208,5208824,1125265,10957,731445,2001,34637,123079,1557680,0400000US34,New Jersey,2012
2055287,1102718,831543,35586,176766,25411,989,3623,28800,952569,0400000US35,New Mexico,2012
19398125,15972280,11300531,2803243,45689,1434757,5288,90785,291987,3425845,0400000US36,New York,2012
9544249,8747956,6227534,2021029,103240,209519,4170,16887,165577,796293,0400000US37,North Carolina,2012
676253,662058,600528,7956,35503,6819,360,280,10612,14195,0400000US38,North Dakota,2012
11533561,11178651,9353385,1385192,17276,194696,1909,13818,212375,354910,0400000US39,Ohio,2012
3749005,3417948,2573810,267174,250660,64298,4178,2989,254839,331057,0400000US40,Oklahoma,2012
3836628,3386740,3008356,65612,38684,141497,13641,5885,113065,449888,0400000US41,Oregon,2012
12699589,11977690,10084398,1323455,13575,349487,2448,20217,184110,721899,0400000US42,Pennsylvania,2012
1052471,921155,803802,54595,3672,31420,253,7181,20232,131316,0400000US44,Rhode Island,2012
4630351,4397425,2967590,1281294,13568,57154,1781,5707,70331,232926,0400000US45,South Carolina,2012
815871,793093,689709,10090,69269,8014,144,738,15129,22778,0400000US46,South Dakota,2012
6353226,6064644,4801634,1053818,12348,92214,2631,5523,96476,288582,0400000US47,Tennessee,2012
25208897,15729227,11415017,2903204,67134,966343,17955,37097,322477,9479670,0400000US48,Texas,2012
2766233,2408340,2224036,26795,26633,55157,25168,3296,47255,357893,0400000US49,Utah,2012
625498,616046,589350,5622,1722,7780,130,669,10773,9452,0400000US50,Vermont,2012
8014955,7383286,5191698,1533723,18183,440259,4996,16639,177788,631669,0400000US51,Virginia,2012
6738714,5984348,4885262,229591,82155,480258,38307,11663,257112,754366,0400000US53,Washington,2012
1850481,1828455,1721720,57250,2716,12514,465,1093,32697,22026,0400000US54,West Virginia,2012
5687219,5352011,4737471,347253,45149,128799,1183,4518,87638,335208,0400000US55,Wisconsin,2012
562803,512490,481842,4529,11117,4351,170,336,10145,50313,0400000US56,Wyoming,2012
3716727,40838,29327,3637,75,2408,39,1833,3519,3675889,0400000US72,Puerto Rico,2012
4864680,4661534,3196730,1285737,23243,63936,1521,7503,82864,203146,0400000US01,Alabama,2018
738516,687330,450754,22817,103506,45617,8544,1459,54633,51186,0400000US02,Alaska,2018
6946685,4783373,3825886,286614,271946,222477,12523,9177,154750,2163312,0400000US04,Arizona,2018
2990671,2771619,2173849,458536,17342,43441,7877,4641,65933,219052,0400000US05,Arkansas,2018
39148760,23927183,14695836,2164519,138427,5525439,138911,97763,1166288,15221577,0400000US06,California,2018
5531141,4346347,3778212,216732,30131,169556,7480,10352,133884,1184794,0400000US08,Colorado,2018
3581504,3019713,2418696,351817,5320,157406,752,11421,74301,561791,0400000US09,Connecticut,2018
949495,863180,595623,204665,2851,36464,276,1804,21497,86315,0400000US10,Delaware,2018
684498,609722,248057,315281,1314,26278,280,2648,15864,74776,0400000US11,District of Columbia,2018
20598139,15413419,11196857,3167011,41776,548642,10770,68744,379619,5184720,0400000US12,Florida,2018
10297484,9329021,5476441,3195363,18416,399223,5070,30394,204114,968463,0400000US13,Georgia,2018
1422029,1274067,314536,24472,1877,522731,132583,1591,276277,147962,0400000US15,Hawaii,2018
1687809,1478736,1387654,10739,18775,22809,2348,1038,35373,209073,0400000US16,Idaho,2018
12821497,10646655,7894286,1796057,15037,685343,3088,20105,232739,2174842,0400000US17,Illinois,2018
6637426,6187159,5275162,610343,12125,143883,2133,9793,133720,450267,0400000US18,Indiana,2018
3132499,2949203,2695888,107471,9067,74640,2863,2806,56468,183296,0400000US19,Iowa,2018
2908776,2568160,2214543,163713,19504,82887,1827,2302,83384,340616,0400000US20,Kansas,2018
4440204,4281460,3764082,349407,8498,62432,2339,6057,88645,158744,0400000US21,Kentucky,2018
4663616,4428696,2744265,1492230,24014,79137,1154,8905,78991,234920,0400000US22,Louisiana,2018
1332813,1311392,1244525,16990,7722,14814,258,843,26240,21421,0400000US23,Maine,2018
6003435,5414523,3084868,1759438,10949,371981,2265,19368,165654,588912,0400000US24,Maryland,2018
6830193,6041066,4930412,463796,8890,440336,1698,53268,142666,789127,0400000US25,Massachusetts,2018
9957488,9459591,7489371,1360345,45772,303059,2464,14334,244246,497897,0400000US26,Michigan,2018
5527358,5234594,4438071,336505,53168,260797,1799,7021,137233,292764,0400000US27,Minnesota,2018
2988762,2898269,1696952,1121752,12990,28170,654,2858,34893,90493,0400000US28,Mississippi,2018
6090062,5840957,4848330,699730,23566,115311,6037,9826,138157,249105,0400000US29,Missouri,2018
1041732,1002713,898953,4348,64643,7806,706,486,25771,39019,0400000US30,Montana,2018
1904760,1701479,1512314,88442,13918,43839,1091,1982,39893,203281,0400000US31,Nebraska,2018
2922849,2091252,1458093,249967,26355,229928,17703,8693,100513,831597,0400000US32,Nevada,2018
1343622,1295266,1214547,17622,1838,35848,270,1323,23818,48356,0400000US33,New Hampshire,2018
8881845,7113825,4960005,1129257,9599,826944,2255,36881,148884,1768020,0400000US34,New Jersey,2018
2092434,1076683,788308,38016,183408,29571,1046,4056,32278,1015751,0400000US35,New Mexico,2018
19618453,15912865,10959534,2808679,46139,1616028,5591,105032,371862,3705588,0400000US36,New York,2018
10155624,9219674,6433039,2146254,111360,280059,5677,22615,220670,935950,0400000US37,North Carolina,2018
752201,725672,639477,20113,38308,10664,366,972,15772,26529,0400000US38,North Dakota,2018
11641879,11210552,9220638,1418048,17723,247987,3055,18848,284253,431327,0400000US39,Ohio,2018
3918137,3510616,2586110,282622,280638,82318,3982,4790,270156,407521,0400000US40,Oklahoma,2018
4081943,3557987,3103557,74356,36776,172505,15301,6410,149082,523956,0400000US41,Oregon,2018
12791181,11886025,9826865,1360576,14419,424597,2702,20860,236006,905156,0400000US42,Pennsylvania,2018
1056611,897753,767727,59001,3708,35128,684,7090,24415,158858,0400000US44,Rhode Island,2018
4955925,4680240,3156973,1328352,14187,74278,2812,8584,95054,275685,0400000US45,South Carolina,2018
864289,832294,710810,15840,72263,12540,236,647,19958,31995,0400000US46,South Dakota,2018
6651089,6298687,4924145,1107218,15172,112015,3318,9686,127133,352402,0400000US47,Tennessee,2018
27885195,16963639,11807263,3269253,68452,1292813,20381,42354,463123,10921556,0400000US48,Texas,2018
3045350,2623227,2394238,33713,28047,68747,26607,4802,67073,422123,0400000US49,Utah,2018
624977,613300,581023,7602,1867,10541,170,898,11199,11677,0400000US50,Vermont,2018
8413774,7642597,5233111,1582421,17747,526973,4740,21295,256310,771177,0400000US51,Virginia,2018
7294336,6382763,5039208,259482,80274,602020,46476,12077,343226,911573,0400000US53,Washington,2018
1829054,1801532,1684756,65597,3546,14353,309,3060,29911,27522,0400000US54,West Virginia,2018
5778394,5392615,4711038,361909,46149,158198,1676,4807,108838,385779,0400000US55,Wisconsin,2018
581836,524870,489559,5149,12717,4660,434,227,12124,56966,0400000US56,Wyoming,2018
3386941,37601,28015,3107,59,2337,44,2289,1750,3349340,0400000US72,Puerto Rico,2018
4876250,4667624,3194929,1291524,22740,65410,1603,8083,83335,208626,0400000US01,Alabama,2019
737068,685198,446897,22857,106271,44917,9013,1679,53564,51870,0400000US02,Alaska,2019
7050299,4841636,3857007,297107,276396,226597,12878,10622,161029,2208663,0400000US04,Arizona,2019
2999370,2775240,2172453,456899,17652,44927,8614,4858,69837,224130,0400000US05,Arkansas,2019
39283497,23955809,14605312,2169155,140831,5610931,140788,100119,1188673,15327688,0400000US06,California,2019
5610349,4402177,3818321,221526,30393,174660,7618,10323,139336,1208172,0400000US08,Colorado,2019
3575074,3000834,2392013,354120,5596,159989,754,11961,76401,574240,0400000US09,Connecticut,2019
957248,868884,596497,207402,2825,36656,330,2436,22738,88364,0400000US10,Delaware,2019
692683,616492,253373,314774,1418,27188,307,2807,16625,76191,0400000US11,District of Columbia,2019
20901636,15554952,11266347,3202687,41989,559988,10389,73653,399899,5346684,0400000US12,Florida,2019
10403847,9411453,5485855,3244348,19382,410705,5164,32810,213189,992394,0400000US13,Georgia,2019
1422094,1272976,312722,24377,2241,524609,133110,2175,273742,149118,0400000US15,Hawaii,2019
1717750,1502274,1407883,11316,19027,23061,2341,1419,37227,215476,0400000US16,Idaho,2019
12770631,10584244,7829850,1783708,15108,692370,2908,20480,239820,2186387,0400000US17,Illinois,2019
6665703,6203853,5271071,616545,12348,150840,1981,10786,140282,461850,0400000US18,Indiana,2019
3139508,2951197,2690052,113560,9251,75326,3359,3216,56433,188311,0400000US19,Iowa,2019
2910652,2564972,2208576,164509,19236,84850,1939,2503,83359,345680,0400000US20,Kansas,2019
4449052,4286058,3761855,353997,8156,64764,2667,6131,88488,162994,0400000US21,Kentucky,2019
4664362,4425198,2735887,1492386,23892,80014,1088,9792,82139,239164,0400000US22,Louisiana,2019
1335492,1313392,1244531,17368,8017,14946,353,1192,26985,22100,0400000US23,Maine,2019
6018848,5412366,3062363,1768596,12002,375951,2294,19325,171835,606482,0400000US24,Maryland,2019
6850553,6041374,4903539,473181,9667,449793,2210,56363,146621,809179,0400000US25,Massachusetts,2019
9965265,9457912,7477400,1358034,45569,310420,2649,13652,250188,507353,0400000US26,Michigan,2019
5563378,5263822,4442126,349808,52405,266436,1952,8006,143089,299556,0400000US27,Minnesota,2019
2984418,2893216,1689927,1121516,13341,29466,615,3265,35086,91202,0400000US28,Mississippi,2019
6104910,5850119,4849901,696379,23632,119481,7376,9996,143354,254791,0400000US29,Missouri,2019
1050649,1010335,904550,4666,63738,8098,776,599,27908,40314,0400000US30,Montana,2019
1914571,1706300,1512111,89872,14417,45303,1107,2015,41475,208271,0400000US31,Nebraska,2019
2972382,2119341,1463237,259802,27070,237588,18162,9537,103945,853041,0400000US32,Nevada,2019
1348124,1297631,1214927,18335,1816,35971,348,1483,24751,50493,0400000US33,New Hampshire,2019
8878503,7083767,4916380,1125541,9813,834073,2286,38632,157042,1794736,0400000US34,New Jersey,2019
2092454,1071637,782269,37911,182874,30341,1189,3855,33198,1020817,0400000US35,New Mexico,2019
19572319,15851336,10883812,2790504,46034,1633539,5689,106445,385313,3720983,0400000US36,New York,2019
10264876,9302211,6474688,2165301,112504,290525,5640,22962,230591,962665,0400000US37,North Carolina,2019
756717,728400,638985,21577,38482,10876,863,992,16625,28317,0400000US38,North Dakota,2019
11655397,11211982,9197115,1425887,16946,256584,3193,19411,292846,443415,0400000US39,Ohio,2019
3932870,3514964,2581231,280944,285402,84020,5629,5195,272543,417906,0400000US40,Oklahoma,2019
4129803,3592586,3125842,75232,38050,178412,15785,6055,153210,537217,0400000US41,Oregon,2019
12791530,11856314,9777163,1363043,14483,433115,2616,20755,245139,935216,0400000US42,Pennsylvania,2019
1057231,894005,761432,60415,3402,35401,661,7500,25194,163226,0400000US44,Rhode Island,2019
5020806,4735348,3196421,1333876,14748,78102,3784,9139,99278,285458,0400000US45,South Carolina,2019
870638,837614,713546,17191,73396,12511,451,609,19910,33024,0400000US46,South Dakota,2019
6709356,6345182,4951558,1114068,15553,116563,3387,11794,132259,364174,0400000US47,Tennessee,2019
28260856,17143975,11856336,3328707,71081,1340554,21739,44465,481093,11116881,0400000US48,Texas,2019
3096848,2662016,2425647,34571,28515,71000,26961,5248,70074,434832,0400000US49,Utah,2019
624313,612275,579340,7901,1807,10393,296,758,11780,12038,0400000US50,Vermont,2019
8454463,7662462,5227569,1588726,18092,536076,5146,21750,265103,792001,0400000US51,Virginia,2019
7404107,6466528,5073945,270704,79694,625682,47532,12618,356353,937579,0400000US53,Washington,2019
1817305,1788937,1671546,65848,3593,14319,404,3292,29935,28368,0400000US54,West Virginia,2019
5790716,5396324,4705599,364060,46936,160706,2107,6068,110848,394392,0400000US55,Wisconsin,2019
581024,523683,488437,5193,12547,4907,460,218,11921,57341,0400000US56,Wyoming,2019
3318447,42528,31723,3179,118,2351,21,3143,1993,3275919,0400000US72,Puerto Rico,2019
