fips,state,total,white,black,native,asian,pac,other,two,hispanic,non_hispanic_white,year
0400000US01,Alabama,1099751,687344,324427,5499,14297,1100,26394,41791,76983,642255,2017
0400000US02,Alaska,185456,101259,5564,33197,10942,3153,2596,28746,17433,92543,2017
0400000US04,Arizona,1618442,1145857,77685,90633,42079,3237,145660,113291,710496,645758,2017
0400000US05,Arkansas,701924,496962,126346,4913,9827,2808,28077,32289,82827,447828,2017
0400000US06,California,9088594,5116878,499873,72709,1017923,36354,1554150,799796,4716980,2372123,2017
0400000US08,Colorado,1247818,989520,56152,12478,36187,2496,68630,83604,388071,707513,2017
0400000US09,Connecticut,760445,525467,92774,2281,34220,0,51710,53231,173381,431172,2017
0400000US10,Delaware,203348,123229,51854,610,7727,203,5490,14234,30706,102284,2017
0400000US11,District of Columbia,117347,31097,68648,235,2112,0,8918,6219,18658,23939,2017
0400000US12,Florida,4097864,2753765,856454,12294,106544,4098,139327,225383,1237555,1749788,2017
0400000US13,Georgia,2493712,1331642,847862,7481,87280,2494,102242,117204,351613,1114689,2017
0400000US15,Hawaii,305962,55073,4895,306,77714,38857,2448,126974,54767,42529,2017
0400000US16,Idaho,433216,381230,3899,5632,5199,433,16029,20794,78412,326212,2017
0400000US17,Illinois,2952062,1945409,463474,5904,135795,0,245021,153507,720303,1526216,2017
0400000US18,Indiana,1571512,1230494,171295,3143,31430,0,51860,81719,168152,1131489,2017
0400000US19,Iowa,725311,622317,34815,2901,16682,725,12330,35540,70355,570820,2017
0400000US20,Kansas,715884,575571,44385,5727,17897,0,21477,50112,129575,479642,2017
0400000US21,Kentucky,1008766,836267,88771,2018,15131,1009,15131,51447,58508,798943,2017
0400000US22,Louisiana,1110071,617199,410726,6660,17761,0,16651,42183,69934,570576,2017
0400000US23,Maine,255775,231476,5883,2046,3325,0,1023,12277,6650,227384,2017
0400000US24,Maryland,1344744,672372,423594,2689,76650,0,75306,92787,189609,580929,2017
0400000US25,Massachusetts,1376326,992331,123869,4129,86709,0,78451,90838,238104,867085,2017
0400000US26,Michigan,2201687,1602828,350068,13210,66051,0,37429,134303,178337,1486139,2017
0400000US27,Minnesota,1281414,963623,110202,17940,71759,0,34598,82010,111483,900834,2017
0400000US28,Mississippi,723065,376717,308749,3615,5785,0,7954,20246,31092,357194,2017
0400000US29,Missouri,1382576,1067349,185265,5530,23504,1383,26269,73277,89867,1012046,2017
0400000US30,Montana,224799,185459,899,23154,1349,225,1574,12139,13263,176917,2017
0400000US31,Nebraska,467684,387710,26658,5612,10757,468,12160,24320,79506,326443,2017
0400000US32,Nevada,668571,403148,65520,7354,38777,4680,86914,62846,272777,242691,2017
0400000US33,New Hampshire,262799,237045,4730,526,7358,0,1840,11300,14980,226007,2017
0400000US34,New Jersey,1993559,1251955,285079,3987,185401,0,161478,103665,512345,950928,2017
0400000US35,New Mexico,495709,344022,9914,56511,5453,496,50562,28751,295938,121944,2017
0400000US36,New York,4176405,2422315,705812,16706,317407,0,467757,242231,1010690,2029733,2017
0400000US37,North Carolina,2283221,1415597,527424,29682,63930,2283,118727,125577,356182,1207824,2017
0400000US38,North Dakota,169792,137701,4924,14602,2038,0,2038,8490,8829,132608,2017
0400000US39,Ohio,2620542,1991612,379979,5241,52411,0,34067,159853,151991,1897272,2017
0400000US40,Oklahoma,953005,608017,74334,87676,18107,1906,35261,127703,157246,514623,2017
0400000US41,Oregon,861065,680241,19804,11194,30998,4305,38748,75774,187712,554526,2017
0400000US42,Pennsylvania,2678167,1992556,361553,5356,91058,0,77667,147299,302633,1823832,2017
0400000US44,Rhode Island,209842,151506,18676,1259,7344,210,16997,13640,50152,124646,2017
0400000US45,South Carolina,1086847,656456,331488,3261,15216,1087,24997,54342,95643,595592,2017
0400000US46,South Dakota,209282,158845,4813,28462,3139,0,2302,11720,12348,152148,2017
0400000US47,Tennessee,1493386,1073745,289717,2987,25388,1493,34348,65709,134405,982648,2017
0400000US48,Texas,7194864,5209082,863384,35974,287795,7195,467666,323769,3547068,2316746,2017
0400000US49,Utah,907957,764500,11803,9988,13619,9080,55385,43582,157077,676428,2017
0400000US50,Vermont,119195,109063,2265,358,1907,119,477,4887,2980,106918,2017
0400000US51,Virginia,1861088,1165041,377801,3722,111665,1861,61416,139582,241941,1014293,2017
0400000US53,Washington,1611357,1118282,64454,25782,109572,12891,99904,180472,335162,928142,2017
0400000US54,West Virginia,375024,340897,13501,375,2625,0,1875,15751,8251,334521,2017
0400000US55,Wisconsin,1291356,1011132,112348,14205,43906,0,40032,69733,148506,922028,2017
0400000US56,Wyoming,137649,120581,1514,4405,964,0,3028,7020,19409,106678,2017
0400000US72,Puerto Rico,729196,498041,61982,2917,1458,0,114484,51044,722633,4375,2017
0400000US01,Alabama,1126944,715609,343718,6762,13523,0,16904,30427,66490,671659,2012
0400000US02,Alaska,185860,105754,6505,31410,8921,2788,1859,28437,14683,97762,2012
0400000US04,Arizona,1619693,1179137,76126,90703,38873,3239,139294,90703,698088,675412,2012
0400000US05,Arkansas,705740,507427,133385,4940,9175,2117,23995,25407,74103,461554,2012
0400000US06,California,9251565,5328901,555094,74013,999169,37006,1572766,693867,4727550,2544180,2012
0400000US08,Colorado,1216488,957376,54742,12165,30412,1216,80288,79072,369812,706780,2012
0400000US09,Connecticut,808960,578406,96266,2427,34785,0,53391,43684,158556,495084,2012
0400000US10,Delaware,205051,126106,54133,410,6767,0,6357,10868,27067,109292,2012
0400000US11,District of Columbia,103357,24496,67906,310,1757,103,5375,3514,12816,18398,2012
0400000US12,Florida,3985969,2702487,845025,11958,99649,3986,139509,183355,1100127,1821588,2012
0400000US13,Georgia,2477125,1340125,847177,4954,76791,0,113948,91654,314595,1166726,2012
0400000US15,Hawaii,301874,47394,4830,302,79997,39545,3622,125881,45583,40149,2012
0400000US16,Idaho,424244,380123,2970,5939,4242,424,11879,18242,71697,326668,2012
0400000US17,Illinois,3104994,2046191,515429,6210,130410,0,273239,133515,717254,1648752,2012
0400000US18,Indiana,1596580,1269281,174027,3193,23949,0,52687,73443,153272,1183066,2012
0400000US19,Iowa,721771,627219,30314,2887,13714,0,15879,31758,62072,588965,2012
0400000US20,Kansas,719325,579057,46756,7193,16544,719,23738,46037,120127,495615,2012
0400000US21,Kentucky,1017260,853481,91553,1017,13224,1017,15259,41708,49846,824998,2012
0400000US22,Louisiana,1111664,618085,420209,7782,16675,0,14452,34462,54472,584735,2012
0400000US23,Maine,272709,249801,5727,1636,3545,0,1091,10908,6272,245711,2012
0400000US24,Maryland,1346151,702691,437499,4038,71346,0,53846,75384,149423,627306,2012
0400000US25,Massachusetts,1410019,1056104,122672,2820,78961,0,78961,69091,208683,953173,2012
0400000US26,Michigan,2329507,1707529,382039,13977,62897,0,39602,121134,170054,1600371,2012
0400000US27,Minnesota,1275824,1001522,91859,17862,66343,0,26792,70170,100790,937731,2012
0400000US28,Mississippi,749953,387726,328479,3750,6000,0,6750,16499,26248,371227,2012
0400000US29,Missouri,1411466,1102355,194782,4234,21172,1411,21172,64927,79042,1052954,2012
0400000US30,Montana,221030,184560,1326,20998,1105,221,1768,11052,10830,177487,2012
0400000US31,Nebraska,455253,376949,25949,5918,8650,455,16389,21397,68288,331424,2012
0400000US32,Nevada,661901,444797,59571,7943,38390,4633,57585,49643,260127,262113,2012
0400000US33,New Hampshire,284806,259173,4842,570,7690,0,3133,9399,13671,249775,2012
0400000US34,New Jersey,2049546,1317858,307432,6149,176261,0,151666,90180,459098,1057566,2012
0400000US35,New Mexico,513387,340889,11808,57499,5647,513,69307,27723,298791,135534,2012
0400000US36,New York,4292217,2601084,755430,17169,291871,0,433514,197442,965749,2193323,2012
0400000US37,North Carolina,2268120,1417575,542081,29486,54435,2268,113406,108870,306196,1254270,2012
0400000US38,North Dakota,149665,125419,2544,13021,1347,0,1197,6136,5538,122127,2012
0400000US39,Ohio,2710735,2100820,393057,2711,46082,0,29818,132826,132826,2019498,2012
0400000US40,Oklahoma,922308,591199,75629,83930,14757,922,33203,121745,130968,518337,2012
0400000US41,Oregon,861170,676018,19807,15501,31002,4306,52531,61143,178262,570956,2012
0400000US42,Pennsylvania,2770762,2108550,371282,5542,80352,0,83123,121914,257681,1972783,2012
0400000US44,Rhode Island,221869,161521,18637,1331,7322,0,20856,12203,45483,142218,2012
0400000US45,South Carolina,1073583,643076,345694,3221,12883,0,24692,42943,80519,594765,2012
0400000US46,South Dakota,200304,155236,3605,28043,2003,0,2404,9214,9214,150829,2012
0400000US47,Tennessee,1489130,1076641,299315,2978,22337,1489,31272,55098,108706,1008141,2012
0400000US48,Texas,6829733,4842281,840057,34149,239041,6830,607846,259530,3298761,2315279,2012
0400000US49,Utah,863026,750833,11219,10356,12082,10356,33658,35384,142399,653311,2012
0400000US50,Vermont,127455,118151,1657,382,1784,0,637,4843,2804,116239,2012
0400000US51,Virginia,1842907,1170246,398068,5529,101360,1843,55287,110574,204563,1048614,2012
0400000US53,Washington,1570902,1118482,62836,26705,100538,10996,98967,150807,295330,956679,2012
0400000US54,West Virginia,385114,352379,12709,385,2311,0,1155,15790,7317,347373,2012
0400000US55,Wisconsin,1329463,1067559,115663,14624,39884,0,29248,61155,134276,978485,2012
0400000US56,Wyoming,134031,116607,1072,4557,938,0,3485,7372,17826,105750,2012
0400000US72,Puerto Rico,895082,621187,59970,1790,3580,0,91298,117256,887026,6266,2012
0400000US01,Alabama,1128848,719076,347685,6773,12417,0,15804,27092,58700,681824,2010
0400000US02,Alaska,184290,105967,5713,32251,8109,2211,2396,27644,14006,99148,2010
0400000US04,Arizona,1607647,1141429,72344,93244,36976,3215,173626,86813,680035,688073,2010
0400000US05,Arkansas,702267,502823,134835,4916,8427,2107,25282,23877,68120,465603,2010
0400000US06,California,9291319,5175265,576062,74331,984880,37165,1793225,650392,4645660,2666609,2010
0400000US08,Colorado,1197484,934038,52689,11975,29937,1197,93404,74244,353258,710108,2010
0400000US09,Connecticut,824030,594126,95587,1648,32961,0,57682,41202,149973,519139,2010
0400000US10,Delaware,204599,127465,53400,614,6752,205,6752,9412,24756,112325,2010
0400000US11,District of Columbia,102141,21960,70171,204,1736,102,5209,2758,11644,16547,2010
0400000US12,Florida,3995717,2689118,847092,11987,95897,3996,179807,163824,1050874,1885978,2010
0400000US13,Georgia,2452767,1331852,846205,4906,73583,2453,120186,73583,284521,1187139,2010
0400000US15,Hawaii,299688,48250,4495,599,81515,37761,3596,123771,43155,41057,2010
0400000US16,Idaho,417654,373800,2924,5847,4177,835,12112,17541,66825,326188,2010
0400000US17,Illinois,3144642,2031439,540878,6289,128930,0,320753,119496,691821,1701251,2010
0400000US18,Indiana,1600874,1279098,174495,3202,24013,0,54430,65636,140877,1203857,2010
0400000US19,Iowa,719845,629145,28074,2879,12237,0,17996,28794,56148,597471,2010
0400000US20,Kansas,713071,569031,48489,7131,16401,713,28523,42784,111239,500576,2010
0400000US21,Kentucky,1014658,856371,93349,2029,12176,1015,14205,36528,43630,831005,2010
0400000US22,Louisiana,1102289,618384,418870,7716,15432,0,13227,28660,49603,588622,2010
0400000US23,Maine,280632,258743,5893,1684,3648,0,1403,8980,6455,255094,2010
0400000US24,Maryland,1356908,720518,443709,4071,67845,0,52919,66488,135691,652673,2010
0400000US25,Massachusetts,1424251,1079582,118213,2849,75485,0,84031,64091,197971,985582,2010
0400000US26,Michigan,2412146,1763279,407653,14473,62716,0,50655,110959,164026,1671617,2010
0400000US27,Minnesota,1277553,1014377,89429,17886,65155,1278,28106,61323,93261,956887,2010
0400000US28,Mississippi,753488,389553,333042,3767,5274,0,6781,14316,22605,376744,2010
0400000US29,Missouri,1420561,1110879,201720,4262,21308,1421,21308,59664,75290,1066841,2010
0400000US30,Montana,220808,185037,1546,20977,1325,221,1546,10157,10378,178634,2010
0400000US31,Nebraska,450861,373313,24797,5861,7665,451,18485,20289,62219,334990,2010
0400000US32,Nevada,655081,444145,59612,7861,36685,3930,57647,45856,248276,271204,2010
0400000US33,New Hampshire,295129,270338,4427,590,7673,0,3542,8559,13281,261484,2010
0400000US34,New Jersey,2073770,1331360,315213,4148,170049,0,172123,78803,435492,1105319,2010
0400000US35,New Mexico,510154,328029,10713,59178,6122,510,77033,28569,289767,139782,2010
0400000US36,New York,4356098,2648508,771029,17424,291859,0,457390,169888,945273,2269527,2010
0400000US37,North Carolina,2229680,1386861,541812,28986,51283,2230,127092,91417,274251,1261999,2010
0400000US38,North Dakota,147182,124369,2208,12658,1177,147,1030,5887,5004,121572,2010
0400000US39,Ohio,2757516,2148105,408112,5515,44120,0,33090,118573,126846,2076410,2010
0400000US40,Oklahoma,908302,583130,77206,85380,14533,908,36332,110813,119896,522274,2010
0400000US41,Oregon,860295,679633,18926,18926,30971,3441,49037,59360,167758,584140,2010
0400000US42,Pennsylvania,2808766,2151515,381992,5618,78645,0,87072,103924,238745,2033547,2010
0400000US44,Rhode Island,229093,167696,18327,1375,7560,229,23367,10538,44215,150743,2010
0400000US45,South Carolina,1064322,638593,351226,3193,12772,0,23415,35123,71310,596020,2010
0400000US46,South Dakota,197774,155055,2967,26897,1582,0,2571,8702,8504,151099,2010
0400000US47,Tennessee,1481596,1074157,303727,2963,22224,1482,29632,48893,96304,1016375,2010
0400000US48,Texas,6650550,4529025,824668,33253,219468,6651,804717,232769,3125758,2340994,2010
0400000US49,Utah,830255,723982,9963,9963,11624,9133,32380,31550,129520,637636,2010
0400000US50,Vermont,131725,122899,1712,395,1712,0,659,4479,2898,121055,2010
0400000US51,Virginia,1833319,1173324,401497,5500,97166,1833,60500,93499,185165,1068825,2010
0400000US53,Washington,1556463,1120653,63815,28016,99614,10895,99614,133856,272381,979015,2010
0400000US54,West Virginia,387035,356846,13159,387,2322,0,1161,12772,6967,352202,2010
0400000US55,Wisconsin,1338558,1072185,117793,14724,40157,0,38818,53542,124486,1002580,2010
0400000US56,Wyoming,130300,113752,912,4821,782,130,3127,6776,16157,104501,2010
0400000US72,Puerto Rico,944365,687498,59495,1889,2833,0,105769,85937,934921,7555,2010
0400000US01,Alabama,1108897,697496,330451,5544,13307,1109,23287,38811,73187,652031,2015
0400000US02,Alaska,187365,103238,6183,31852,10680,3373,2436,29604,16675,94994,2015
0400000US04,Arizona,1613238,1159918,77435,91955,41944,3226,135512,103247,698532,656588,2015
0400000US05,Arkansas,703792,504619,130202,4223,9149,2815,23225,28152,80232,452538,2015
0400000US06,California,9146067,5268135,521326,73169,1006067,36584,1499955,749977,4728517,2423708,2015
0400000US08,Colorado,1238561,979702,55735,13624,34680,2477,71837,81745,385192,705980,2015
0400000US09,Connecticut,781932,547352,95396,2346,35187,0,52389,49262,168897,456648,2015
0400000US10,Delaware,203494,122910,52298,610,7529,0,6105,14041,29100,104799,2015
0400000US11,District of Columbia,110588,27979,67790,332,1880,0,7188,5419,15814,22007,2015
0400000US12,Florida,4026684,2718012,853657,12080,100667,4027,132881,209388,1171765,1767714,2015
0400000US13,Georgia,2485317,1339586,842522,7456,84501,2485,101898,106869,338003,1135790,2015
0400000US15,Hawaii,306620,51819,5826,307,79108,39554,2453,127247,51819,42314,2015
0400000US16,Idaho,428084,380995,2997,5993,4709,428,12414,20548,75771,324916,2015
0400000US17,Illinois,3016196,1999738,479575,6032,135729,0,247328,144777,723887,1571438,2015
0400000US18,Indiana,1580943,1242621,172323,3162,28457,1581,53752,79047,162837,1150927,2015
0400000US19,Iowa,723357,625704,31828,2893,15190,723,13020,33998,67996,577239,2015
0400000US20,Kansas,721296,581365,46163,6492,18032,721,20196,48327,127669,486875,2015
0400000US21,Kentucky,1012290,842225,88069,2025,14172,1012,15184,49602,54664,807807,2015
0400000US22,Louisiana,1111477,620204,414581,6669,16672,0,13338,40013,63354,576857,2015
0400000US23,Maine,261223,237974,5224,1567,3396,0,1045,11755,6792,233272,2015
0400000US24,Maryland,1344853,685875,427663,2690,76657,0,65898,86071,172141,599804,2015
0400000US25,Massachusetts,1390928,1015377,123793,2782,84847,0,80674,82065,226721,902712,2015
0400000US26,Michigan,2242176,1639031,360990,13453,65023,0,35875,130046,174890,1522438,2015
0400000US27,Minnesota,1276122,978786,100814,17866,68911,0,30627,79120,107194,913703,2015
0400000US28,Mississippi,732930,381124,315893,3665,6596,0,6596,19056,28584,362800,2015
0400000US29,Missouri,1393647,1080076,186749,5575,23692,1394,23692,71076,86406,1027118,2015
0400000US30,Montana,223090,184495,1339,22309,1339,223,1562,11824,12270,176687,2015
0400000US31,Nebraska,462391,383785,27281,6011,9248,462,12947,22657,75370,327835,2015
0400000US32,Nevada,660362,412066,61414,7924,37641,4623,79243,58112,266126,249617,2015
0400000US33,New Hampshire,270665,244952,4872,541,7579,0,2165,10827,14616,234125,2015
0400000US34,New Jersey,2017223,1272868,294515,6052,183567,0,159361,100861,494220,990456,2015
0400000US35,New Mexico,504963,341355,11614,55546,5555,505,62110,29288,298433,128766,2015
0400000US36,New York,4225182,2488632,722506,16901,304213,0,460545,232385,997143,2091465,2015
0400000US37,North Carolina,2277712,1423570,532985,29610,59221,2278,111608,118441,337101,1225409,2015
0400000US38,North Dakota,162426,133514,3249,13969,1624,162,1949,7959,7796,129129,2015
0400000US39,Ohio,2649557,2032210,381536,5299,47692,0,31795,151025,145726,1942125,2015
0400000US40,Oklahoma,944084,604214,73639,86856,16049,1888,33987,127451,148221,517358,2015
0400000US41,Oregon,857191,677181,18858,12001,31716,4286,46288,67718,185153,556317,2015
0400000US42,Pennsylvania,2711339,2030793,363319,5423,86763,0,84052,138278,287402,1876247,2015
0400000US44,Rhode Island,214172,154846,19704,1285,7496,0,17776,13064,48189,131287,2015
0400000US45,South Carolina,1077683,648765,336237,3233,14010,1078,23709,49573,89448,592726,2015
0400000US46,South Dakota,206098,157253,4534,27617,2679,0,2679,11129,10717,151894,2015
0400000US47,Tennessee,1488628,1068835,293260,2977,23818,1489,35727,62522,123556,989938,2015
0400000US48,Texas,7040602,5097396,851913,35203,260502,7041,485802,302746,3449895,2309317,2015
0400000US49,Utah,893485,760356,10722,9828,14296,9828,48248,41100,151892,669220,2015
0400000US50,Vermont,122472,112429,2082,367,1837,122,490,5144,2939,110347,2015
0400000US51,Virginia,1859538,1173368,384924,3719,109713,1860,53927,130168,226864,1030184,2015
0400000US53,Washington,1591865,1122265,63675,25470,106655,12735,92328,168738,323149,932833,2015
0400000US54,West Virginia,380565,346695,12939,381,2283,0,1522,16364,7992,340986,2015
0400000US55,Wisconsin,1306262,1034560,114951,14369,41800,0,33963,66619,144995,941815,2015
0400000US56,Wyoming,137026,120035,1507,4111,822,0,3563,6851,19321,106880,2015
0400000US72,Puerto Rico,801876,551691,58537,3208,2406,0,100234,86603,796263,4009,2015
0400000US01,Alabama,1096099,681774,322253,5480,14249,1096,29595,41652,80015,636834,2018
0400000US02,Alaska,185349,100459,5375,33919,10936,3151,2410,29100,17794,91377,2018
0400000US04,Arizona,1629827,1150658,81491,92900,45635,3260,140165,117348,718754,642152,2018
0400000US05,Arkansas,702358,494460,126424,4917,9833,2809,28797,34416,84985,445295,2018
0400000US06,California,9047984,5057823,488591,72384,1022422,36192,1556253,814319,4695904,2343428,2018
0400000US08,Colorado,1256226,998700,56530,12562,37687,2512,61555,86680,391943,707255,2018
0400000US09,Connecticut,750447,514807,92305,2251,33770,0,51781,54783,175605,420250,2018
0400000US10,Delaware,202651,122604,52284,405,7903,203,5674,13578,31208,101123,2018
0400000US11,District of Columbia,121060,32565,68883,363,2058,0,10653,6658,19975,25302,2018
0400000US12,Florida,4134767,2770294,860032,12404,107504,4135,144717,239816,1269373,1744872,2018
0400000US13,Georgia,2495655,1325193,846027,9983,89844,2496,102322,122287,356879,1105575,2018
0400000US15,Hawaii,304805,54560,4572,305,75896,38405,3353,127713,55779,42673,2018
0400000US16,Idaho,437727,382573,3502,6566,5253,438,17509,21886,79666,328295,2018
0400000US17,Illinois,2919971,1924261,452596,5840,137239,0,239438,157678,718313,1500865,2018
0400000US18,Indiana,1567755,1224417,172453,3136,32923,0,50168,84659,170885,1120945,2018
0400000US19,Iowa,726582,621228,34876,2906,17438,727,12352,36329,71932,568914,2018
0400000US20,Kansas,713270,570616,44936,5706,18545,713,22111,50642,130528,476464,2018
0400000US21,Kentucky,1008572,832072,87746,2017,16137,1009,16137,53454,60514,793746,2018
0400000US22,Louisiana,1105881,613764,406964,5529,16588,0,17694,44235,71882,566211,2018
0400000US23,Maine,253433,228850,6082,2281,3041,0,760,12418,6843,224542,2018
0400000US24,Maryland,1341092,665182,417080,2682,76442,1341,81807,95218,197141,571305,2018
0400000US25,Massachusetts,1373382,983342,126351,4120,87896,0,79656,93390,244462,851497,2018
0400000US26,Michigan,2189144,1589319,348074,13135,65674,0,37215,135727,179510,1471105,2018
0400000US27,Minnesota,1286854,959993,117104,18016,73351,0,34745,82359,113243,896937,2018
0400000US28,Mississippi,717313,373003,304858,3587,5739,0,8608,20802,31562,353635,2018
0400000US29,Missouri,1378239,1062622,183306,5513,24808,2756,26187,74425,90964,1004736,2018
0400000US30,Montana,226134,186334,905,23292,1357,226,1809,12437,13794,177289,2018
0400000US31,Nebraska,470107,387368,26796,6111,10812,470,12223,25856,81329,325784,2018
0400000US32,Nevada,672875,398342,67288,8747,38354,4710,90838,64596,275206,240889,2018
0400000US33,New Hampshire,261621,234412,5494,262,7849,0,1570,11773,15697,223163,2018
0400000US34,New Jersey,1967255,1233469,279350,3935,182955,0,161315,104265,515421,928544,2018
0400000US35,New Mexico,492195,342568,9844,56602,5906,492,47743,28547,295317,119111,2018
0400000US36,New York,4114547,2386437,691244,16458,308591,0,460829,246873,1003949,1991441,2018
0400000US37,North Carolina,2286117,1417393,523521,29720,66297,2286,114306,132595,365779,1200211,2018
0400000US38,North Dakota,173153,139215,6060,14545,2078,0,2251,8831,9870,133674,2018
0400000US39,Ohio,2611520,1971698,378670,5223,52230,0,36561,167137,156691,1875071,2018
0400000US40,Oklahoma,955303,610439,75469,86933,18151,955,35346,128011,160491,512042,2018
0400000US41,Oregon,864653,678753,19887,11240,31992,4323,39774,78683,189359,552513,2018
0400000US42,Pennsylvania,2663627,1971084,362253,5327,93227,0,79909,154490,311644,1795285,2018
0400000US44,Rhode Island,208128,149852,18732,1249,7284,208,16650,14153,51199,121963,2018
0400000US45,South Carolina,1092241,658621,328765,3277,16384,1092,27306,56797,99394,597456,2018
0400000US46,South Dakota,211438,159847,5497,29178,3383,0,2114,11206,13109,152658,2018
0400000US47,Tennessee,1497252,1073530,288970,2995,25453,1497,34437,68874,139244,979203,2018
0400000US48,Texas,7275140,5245376,880292,36376,298281,7275,472884,334656,3593919,2320770,2018
0400000US49,Utah,915700,767357,11904,10073,13736,9157,56773,46701,160248,678534,2018
0400000US50,Vermont,117729,107604,2237,353,2119,0,706,4827,3061,105485,2018
0400000US51,Virginia,1862261,1158326,374314,3725,111736,1862,65179,147119,249543,1005621,2018
0400000US53,Washington,1629144,1117593,66795,26066,110782,13033,105894,188981,342120,928612,2018
0400000US54,West Virginia,371776,336829,13756,744,2602,0,2231,15615,8551,330509,2018
0400000US55,Wisconsin,1286019,1000523,113170,14146,43725,0,41153,72017,149178,911787,2018
0400000US56,Wyoming,137034,120590,1370,4659,959,0,2878,6578,19596,105927,2018
0400000US72,Puerto Rico,685927,459571,65163,1372,1372,0,117979,40470,679068,4801,2018
0400000US01,Alabama,1093711,681382,321551,5469,15312,1094,28436,41561,83122,633259,2019
0400000US02,Alaska,183648,99170,5326,35077,10652,3122,2571,27914,17814,89804,2019
0400000US04,Arizona,1631155,1154858,83189,92976,44041,3262,132124,120705,720971,637782,2019
0400000US05,Arkansas,700843,490590,122648,4906,10513,3504,30837,37846,86204,442933,2019
0400000US06,California,8997470,5011591,485863,71980,1025712,35990,1547565,818770,4669687,2321347,2019
0400000US08,Colorado,1257197,998214,57831,11315,37716,2514,60345,89261,392245,706545,2019
0400000US09,Connecticut,741886,505224,91252,2968,34127,742,51932,56383,178053,409521,2019
0400000US10,Delaware,202980,122397,52369,406,7916,203,5886,13803,31868,99866,2019
0400000US11,District of Columbia,123272,33530,69032,370,2219,0,11218,6903,20463,26627,2019
0400000US12,Florida,4168946,2784856,858803,12507,104224,4169,158420,250137,1300711,1742619,2019
0400000US13,Georgia,2499486,1319729,844826,9998,92481,2499,102479,129973,362425,1097274,2019
0400000US15,Hawaii,303258,55193,4246,607,75208,37604,3942,126459,55496,43366,2019
0400000US16,Idaho,439783,382611,3958,6157,4838,880,18471,23308,80480,329837,2019
0400000US17,Illinois,2884860,1901123,444268,8655,138473,0,233674,158667,709676,1482818,2019
0400000US18,Indiana,1566344,1218616,173864,3133,34460,0,48557,86149,173864,1113671,2019
0400000US19,Iowa,725323,617975,36991,2901,17408,1451,12330,36266,72532,565027,2019
0400000US20,Kansas,708719,566266,43941,5670,18427,709,23388,49610,130404,472716,2019
0400000US21,Kentucky,1005667,827664,89504,2011,16091,1006,16091,52295,62351,789449,2019
0400000US22,Louisiana,1100855,609874,401812,5504,17614,0,19815,46236,74858,562537,2019
0400000US23,Maine,251059,225953,6276,2260,3013,0,1004,12302,7030,221434,2019
0400000US24,Maryland,1338765,655995,415017,2678,76310,1339,91036,99069,204831,563620,2019
0400000US25,Massachusetts,1365151,970622,129689,2730,88735,0,79179,95561,248457,835472,2019
0400000US26,Michigan,2171229,1574141,343054,13027,65137,0,36911,136787,180212,1456895,2019
0400000US27,Minnesota,1290808,955198,122627,18071,73576,0,36143,85193,114882,891948,2019
0400000US28,Mississippi,710695,368851,300624,4264,6396,0,10660,20610,31981,350373,2019
0400000US29,Missouri,1375240,1058935,181532,5501,24754,2750,26130,77013,93516,998424,2019
0400000US30,Montana,226579,185115,1133,23338,1133,227,2039,13368,14274,176732,2019
0400000US31,Nebraska,471753,386837,26890,6605,10850,472,13209,26890,82557,325038,2019
0400000US32,Nevada,679385,398120,68618,9511,38725,4756,92396,66580,278548,239823,2019
0400000US33,New Hampshire,259038,231580,5699,259,7512,0,2072,11916,16060,219923,2019
0400000US34,New Jersey,1955510,1224149,273771,5867,181862,0,160352,111464,522121,913223,2019
0400000US35,New Mexico,486663,341637,10707,55966,6327,487,42826,29200,292484,117286,2019
0400000US36,New York,4083011,2372229,681863,16332,310309,0,449131,249064,1004421,1972094,2019
0400000US37,North Carolina,2290088,1415274,519850,29771,68703,2290,116794,135115,370994,1195426,2019
0400000US38,North Dakota,175130,139754,6480,14711,2102,175,2452,9457,10333,133974,2019
0400000US39,Ohio,2598908,1956978,376842,5198,54577,0,36385,168929,158533,1858219,2019
0400000US40,Oklahoma,953773,610415,73441,87747,18122,1908,35290,127806,164049,509315,2019
0400000US41,Oregon,864572,679554,19021,12104,31989,4323,38041,79541,190206,551597,2019
0400000US42,Pennsylvania,2650324,1950638,360444,5301,92761,0,82160,156369,318039,1775717,2019
0400000US44,Rhode Island,206622,147528,18389,1033,7025,207,16943,15290,52069,119428,2019
0400000US45,South Carolina,1098664,662494,325205,4395,16480,1099,30763,59328,102176,600969,2019
0400000US46,South Dakota,212613,160310,5741,29341,3189,213,2339,11481,13182,152656,2019
0400000US47,Tennessee,1500878,1076130,285167,3002,27016,1501,36021,72042,144084,978572,2019
0400000US48,Texas,7320250,5263260,885750,36601,307450,7320,483136,344052,3616204,2320519,2019
0400000US49,Utah,920266,773944,12884,10123,13804,8282,54296,46934,162887,680077,2019
0400000US50,Vermont,116073,105975,2321,348,1857,0,696,4991,3134,103769,2019
0400000US51,Virginia,1860502,1151651,372100,3721,111630,1861,68839,150701,254889,997229,2019
0400000US53,Washington,1640318,1115416,68893,24605,113182,13123,113182,193558,347747,928420,2019
0400000US54,West Virginia,367871,332555,13611,368,2575,0,2575,16186,9197,325934,2019
0400000US55,Wisconsin,1278427,993338,112502,14063,43467,0,40910,74149,150854,902569,2019
0400000US56,Wyoming,135736,119448,1357,4615,950,136,2579,6651,19546,104924,2019
0400000US72,Puerto Rico,646189,420023,68496,1292,1292,0,116960,38771,638435,5816,2019
0400000US01,Alabama,1114839,703463,334452,5574,13378,0,22297,36790,71350,657755,2014
0400000US02,Alaska,187397,104568,6371,32607,10119,3186,2061,28484,16116,96135,2014
0400000US04,Arizona,1615920,1169926,77564,90492,40398,3232,132505,98571,699693,664143,2014
0400000US05,Arkansas,705728,507418,131971,4234,9174,2823,22583,26818,79042,456606,2014
0400000US06,California,9182670,5298401,532595,73461,1000911,36731,1505958,743796,4738258,2460956,2014
0400000US08,Colorado,1231137,967674,54170,13543,33241,1231,80024,81255,380421,705442,2014
0400000US09,Connecticut,792110,558438,95053,2376,34853,0,53071,47527,165551,468929,2014
0400000US10,Delaware,203883,123553,53010,408,7136,204,6524,13049,28544,106019,2014
0400000US11,District of Columbia,107384,26953,67222,322,1826,0,6121,4940,14712,20618,2014
0400000US12,Florida,4005984,2712051,849269,12018,100150,4006,132197,200299,1149717,1778657,2014
0400000US13,Georgia,2482590,1340599,844081,7448,81925,0,104269,104269,330184,1146957,2014
0400000US15,Hawaii,305122,49735,6102,305,79637,40581,2746,126321,49735,41497,2014
0400000US16,Idaho,427103,380549,2990,5979,5125,427,13240,18793,75170,325452,2014
0400000US17,Illinois,3047919,2020770,490715,6096,134108,0,256025,140204,725405,1600157,2014
0400000US18,Indiana,1586314,1250015,174495,3173,26967,0,55521,76143,160218,1159596,2014
0400000US19,Iowa,722216,626161,32500,2167,14444,722,13722,32500,66444,580662,2014
0400000US20,Kansas,722653,581736,46250,6504,17344,723,21680,48418,125742,490681,2014
0400000US21,Kentucky,1014314,845938,90274,2029,14200,1014,15215,47673,53759,813480,2014
0400000US22,Louisiana,1112168,619478,418175,7785,16683,0,13346,36702,61169,579440,2014
0400000US23,Maine,264224,240972,5284,1850,3699,0,1057,11362,6606,236480,2014
0400000US24,Maryland,1345163,692759,431797,4035,75329,0,60532,82055,164110,608014,2014
0400000US25,Massachusetts,1395640,1028587,122816,2791,82343,0,79551,79551,220511,918331,2014
0400000US26,Michigan,2266409,1659011,367158,13598,63459,0,36263,126919,174513,1545691,2014
0400000US27,Minnesota,1275630,984786,96948,17859,67608,0,29339,77813,105877,921005,2014
0400000US28,Mississippi,740280,383465,320541,4442,5922,0,6663,18507,28131,365698,2014
0400000US29,Missouri,1399783,1087631,190370,5599,22397,1400,22397,69989,83987,1035839,2014
0400000US30,Montana,222036,184290,1332,22204,1332,0,1554,11324,11768,176519,2014
0400000US31,Nebraska,460008,382267,27140,5980,8740,460,13340,22080,73141,328906,2014
0400000US32,Nevada,659680,419556,60031,7256,38261,4618,73884,55413,263872,252657,2014
0400000US33,New Hampshire,274558,248475,4393,549,7688,0,2471,10982,14002,238591,2014
0400000US34,New Jersey,2030110,1285060,300456,6090,180680,0,160379,97445,483166,1010995,2014
0400000US35,New Mexico,509121,343148,11201,56003,5600,509,64658,28511,299872,130844,2014
0400000US36,New York,4245904,2522067,730295,16984,301459,0,450066,225033,985050,2122952,2014
0400000US37,North Carolina,2278081,1423801,537627,29615,56952,2278,111626,118460,328044,1234720,2014
0400000US38,North Dakota,157746,130298,3313,13251,1577,158,1577,7730,6941,126512,2014
0400000US39,Ohio,2666652,2053322,381331,2667,48000,0,32000,149333,141333,1965323,2014
0400000US40,Oklahoma,937763,599231,75021,87212,15942,1876,32822,125660,142540,517645,2014
0400000US41,Oregon,857170,672878,18858,12000,31715,4286,51430,64288,182577,559732,2014
0400000US42,Pennsylvania,2729640,2055419,368501,5459,84619,0,81889,133752,275694,1908018,2014
0400000US44,Rhode Island,216506,157400,19486,1083,7145,217,18403,12774,47415,134450,2014
0400000US45,South Carolina,1075708,646501,338848,3227,12908,1076,23666,48407,87132,592715,2014
0400000US46,South Dakota,204432,157004,4498,27598,2453,0,2249,10426,10222,151689,2014
0400000US47,Tennessee,1487986,1068374,296109,4464,23808,1488,35712,61007,119039,995463,2014
0400000US48,Texas,6971181,5026222,843513,34856,250963,6971,515867,285818,3401936,2307461,2014
0400000US49,Utah,884651,756377,11500,9731,13270,9731,45117,38925,148621,664373,2014
0400000US50,Vermont,124238,114423,1739,373,1739,0,497,5466,2982,112311,2014
0400000US51,Virginia,1856827,1175371,388077,3714,107696,1857,53848,126264,220962,1036109,2014
0400000US53,Washington,1585537,1124146,65007,26954,106231,12684,91961,160139,315522,940223,2014
0400000US54,West Virginia,381648,348063,12213,382,2290,0,1908,17174,7633,342720,2014
0400000US55,Wisconsin,1313243,1045341,114252,14446,40711,0,32831,64349,141830,953414,2014
0400000US56,Wyoming,136168,118602,1362,4494,953,0,3540,7081,18927,106620,2014
0400000US72,Puerto Rico,834727,568449,57596,2504,3339,0,96828,105176,828049,5008,2014
0400000US01,Alabama,1090304,670537,320549,4361,15264,1090,29438,50154,83953,628015,2020
0400000US02,Alaska,182779,94680,5118,34545,10601,4021,2924,30890,18278,86089,2020
0400000US04,Arizona,1635374,1087524,85039,88310,45790,3271,132465,192974,727741,626348,2020
0400000US05,Arkansas,699953,479468,122492,4200,10499,4200,31498,48297,86094,436071,2020
0400000US06,California,8931838,4555237,473387,71455,1089684,26796,1545208,1179003,4599897,2224028,2020
0400000US08,Colorado,1255409,955366,57749,11299,37662,2511,60260,129307,395454,694241,2020
0400000US09,Connecticut,733755,482077,89518,2201,35220,734,52830,71174,179770,394760,2020
0400000US10,Delaware,203516,118243,52100,611,8548,204,6920,17095,33173,97281,2020
0400000US11,District of Columbia,125429,33615,68610,376,2509,0,11289,9031,20947,26967,2020
0400000US12,Florida,4201528,2646963,857112,12605,109240,4202,168061,407548,1289869,1760440,2020
0400000US13,Georgia,2499876,1274937,842458,10000,97495,2500,104995,169992,362482,1082446,2020
0400000US15,Hawaii,300816,49334,4813,602,73399,40610,4211,128148,57757,39407,2020
0400000US16,Idaho,443359,377742,3547,5320,4877,443,21281,30148,82021,330746,2020
0400000US17,Illinois,2849148,1812058,435920,8547,142457,0,225083,222234,698041,1447367,2020
0400000US18,Indiana,1565015,1195671,173717,3130,35995,0,50080,104856,176847,1098641,2020
0400000US19,Iowa,725141,606943,37707,2901,18129,1450,13053,44959,74690,557633,2020
0400000US20,Kansas,703449,548690,41503,4924,19697,703,25324,62607,131545,464276,2020
0400000US21,Kentucky,1003381,814745,91308,1003,18061,1003,18061,59199,64216,779627,2020
0400000US22,Louisiana,1094979,594574,398572,5475,17520,1095,22995,54749,75554,554059,2020
0400000US23,Maine,249515,223066,5988,2495,2745,0,1497,13723,7236,219324,2020
0400000US24,Maryland,1337764,630087,412031,2676,78928,0,94981,119061,207353,551159,2020
0400000US25,Massachusetts,1355933,931526,124746,2712,90848,0,78644,127458,249492,813560,2020
0400000US26,Michigan,2155025,1538688,340494,10775,66806,0,36635,161627,185332,1428782,2020
0400000US27,Minnesota,1294252,934450,121660,16825,76361,0,38828,106129,116483,878797,2020
0400000US28,Mississippi,704381,362052,297249,3522,5635,0,11974,22540,33106,345851,2020
0400000US29,Missouri,1372817,1039222,178466,5491,24711,2746,27456,94724,94724,984310,2020
0400000US30,Montana,226774,184140,1587,22677,1134,0,2268,14967,14060,176430,2020
0400000US31,Nebraska,472911,375018,27429,6148,11823,0,16552,36414,85124,321579,2020
0400000US32,Nevada,685628,369553,71991,8913,41138,5485,96674,91874,280422,233799,2020
0400000US33,New Hampshire,256876,226308,5138,257,7193,0,1798,15926,16697,216290,2020
0400000US34,New Jersey,1947204,1158586,270661,5842,188879,0,161618,161618,519903,891819,2020
0400000US35,New Mexico,481570,313020,10113,52491,6742,482,42378,56825,294721,110280,2020
0400000US36,New York,4047411,2286787,655681,16190,327840,0,429026,331888,987568,1934662,2020
0400000US37,North Carolina,2295289,1381764,516440,29839,73449,2295,121650,174442,378723,1184369,2020
0400000US38,North Dakota,177495,139511,7455,14022,2307,177,2307,11537,11537,133476,2020
0400000US39,Ohio,2587248,1911976,375151,5174,59507,0,41396,196631,165584,1824010,2020
0400000US40,Oklahoma,953589,591225,74380,88684,19072,1907,36236,142085,169739,495866,2020
0400000US41,Oregon,863743,658172,19866,11229,33686,4319,41460,95012,192615,543294,2020
0400000US42,Pennsylvania,2637589,1896426,353437,5275,97591,0,89678,195182,329699,1738171,2020
0400000US44,Rhode Island,204788,142123,16997,614,7372,205,17202,20069,53450,116115,2020
0400000US45,South Carolina,1104975,653040,321548,3315,17680,1105,37569,70718,106078,597791,2020
0400000US46,South Dakota,214255,160263,6213,28710,3214,214,2143,13712,14569,152121,2020
0400000US47,Tennessee,1503947,1060283,285750,3008,28575,1504,37599,88733,147387,973054,2020
0400000US48,Texas,7363385,4874561,883606,36817,323989,7363,508074,736338,3622785,2297376,2020
0400000US49,Utah,924395,762626,12942,9244,13866,9244,54539,61934,163618,678506,2020
0400000US50,Vermont,115136,104198,2072,230,2072,0,576,5987,3109,102471,2020
0400000US51,Virginia,1862830,1117698,366978,3726,121084,1863,76376,173243,258933,983574,2020
0400000US53,Washington,1650399,1077711,69317,24756,122130,13203,117178,226105,359787,907719,2020
0400000US54,West Virginia,363673,326215,12365,364,2182,364,2909,19275,8728,320760,2020
0400000US55,Wisconsin,1272219,964342,110683,12722,43255,1272,44528,94144,157755,884192,2020
0400000US56,Wyoming,134226,115971,940,4161,940,134,3087,9127,20268,102951,2020
0400000US72,Puerto Rico,609311,364368,63368,1219,1219,0,123081,56666,600781,6093,2020
0400000US01,Alabama,1129024,718059,345481,6774,12419,0,16935,29355,63225,676285,2011
0400000US02,Alaska,185255,106522,6113,31123,8522,2408,2223,28344,14265,99111,2011
0400000US04,Arizona,1617353,1159642,74398,92189,37199,3235,160118,88954,692227,682523,2011
0400000US05,Arkansas,704401,505056,133836,4931,9157,2113,24654,24654,71145,463496,2011
0400000US06,California,9271954,5266470,565589,74176,992099,37088,1668952,676853,4691609,2605419,2011
0400000US08,Colorado,1208556,946299,53176,12086,31422,1209,87016,77348,361358,709422,2011
0400000US09,Connecticut,817230,586771,95616,2452,34324,0,56389,40862,154456,507500,2011
0400000US10,Delaware,204893,126829,53682,615,6761,205,6761,10245,25817,110642,2011
0400000US11,District of Columbia,102345,23028,68981,307,1740,102,5220,3070,12077,17399,2011
0400000US12,Florida,3988880,2696483,845643,11967,99722,3989,163544,171522,1076998,1854829,2011
0400000US13,Georgia,2470202,1336379,847279,4940,76576,0,118570,81517,301365,1178286,2011
0400000US15,Hawaii,301098,48176,4516,602,80393,38541,3613,125558,44261,40949,2011
0400000US16,Idaho,422330,379252,2956,5913,4223,845,10981,18160,69684,326883,2011
0400000US17,Illinois,3126869,2035592,528441,6254,131328,0,303306,125075,706672,1676002,2011
0400000US18,Indiana,1599384,1274709,172733,3199,23991,0,52780,70373,148743,1194740,2011
0400000US19,Iowa,720927,627927,28837,2884,13698,0,16581,30279,59116,593323,2011
0400000US20,Kansas,715955,572764,47969,7160,17183,716,27206,44389,115985,497589,2011
0400000US21,Kentucky,1016673,855022,92517,2033,13217,1017,15250,39650,46767,828588,2011
0400000US22,Louisiana,1108332,618449,420058,7758,15517,0,13300,31033,52092,586308,2011
0400000US23,Maine,276578,254452,5808,1659,3596,0,1106,9957,6361,250303,2011
0400000US24,Maryland,1351008,710630,441780,4053,70252,0,55391,70252,143207,639027,2011
0400000US25,Massachusetts,1416276,1067872,118967,2833,76479,0,83560,66565,202527,968733,2011
0400000US26,Michigan,2368113,1733459,393107,14209,63939,0,44994,116038,168136,1633998,2011
0400000US27,Minnesota,1276360,1008324,90622,17869,65094,0,26804,66371,98280,948335,2011
0400000US28,Mississippi,753036,389320,331336,4518,6024,0,6024,15814,24850,374259,2011
0400000US29,Missouri,1415996,1105893,198239,4248,21240,1416,21240,62304,77880,1059165,2011
0400000US30,Montana,221363,185059,1550,21029,1107,0,1550,11068,10847,178197,2011
0400000US31,Nebraska,452364,374105,24880,5881,8143,452,17190,21713,65593,332488,2011
0400000US32,Nevada,660139,447574,60073,7922,37628,4621,56772,46210,255474,266696,2011
0400000US33,New Hampshire,290046,264812,4641,580,7541,0,3481,9281,13632,255531,2011
0400000US34,New Jersey,2061683,1323600,313376,6185,173181,0,160811,84529,447385,1080322,2011
0400000US35,New Mexico,512921,336476,11284,57960,5642,0,72835,28211,295442,137463,2011
0400000US36,New York,4322447,2615080,765073,17290,289604,0,449534,185865,955261,2230383,2011
0400000US37,North Carolina,2255006,1404869,543456,29315,51865,2255,121770,99220,293151,1260548,2011
0400000US38,North Dakota,147707,124517,2068,12851,1182,0,886,5908,5022,121563,2011
0400000US39,Ohio,2735947,2125831,399448,5472,46511,0,32831,128590,131325,2049224,2011
0400000US40,Oklahoma,916098,586303,76952,84281,14658,916,34812,117261,126422,519428,2011
0400000US41,Oregon,860296,676193,18927,17206,31831,4301,52478,59360,173780,576398,2011
0400000US42,Pennsylvania,2790971,2129511,373990,2791,80938,0,86520,114430,248396,2003917,2011
0400000US44,Rhode Island,225336,164270,18703,1352,7661,0,22534,11041,44842,146243,2011
0400000US45,South Carolina,1070738,642443,349061,3212,12849,1071,24627,38547,77093,596401,2011
0400000US46,South Dakota,198897,154941,3182,27050,1790,0,2188,9547,8553,150963,2011
0400000US47,Tennessee,1486245,1076041,301708,2972,22294,1486,31211,50532,102551,1013619,2011
0400000US48,Texas,6753406,4693617,830669,33767,229616,6753,709108,249876,3221375,2329925,2011
0400000US49,Utah,847710,738355,11020,10173,11868,10173,31365,33908,136481,645107,2011
0400000US50,Vermont,129425,120365,1553,388,1812,0,647,4659,2847,118424,2011
0400000US51,Virginia,1837187,1170288,400507,5512,99208,1837,58790,101045,194742,1058220,2011
0400000US53,Washington,1563418,1119407,62537,26578,100059,10944,98495,143834,284542,966192,2011
0400000US54,West Virginia,385832,354194,12732,386,2315,0,1157,15047,7331,349178,2011
0400000US55,Wisconsin,1333682,1070947,117364,14671,40010,0,33342,57348,129367,990926,2011
0400000US56,Wyoming,132411,115198,927,4767,794,0,3575,7150,16551,105664,2011
0400000US60,American Samoa,,0,0,0,0,0,0,0,0,0,2011
0400000US66,Guam,,0,0,0,0,0,0,0,0,0,2011
0400000US69,Commonwealth of the Northern Mariana Islands,,0,0,0,0,0,0,0,0,0,2011
0400000US72,Puerto Rico,920378,651628,59825,1841,2761,0,99401,104923,911174,7363,2011
0400000US78,United States Virgin Islands,,0,0,0,0,0,0,0,0,0,2011
0400000US01,Alabama,1120347,709180,338345,5602,14565,0,19046,33610,69462,664366,2013
0400000US02,Alaska,187225,105595,6740,32203,9361,2996,2059,28084,15540,97357,2013
0400000US04,Arizona,1616154,1176560,77575,92121,38788,3232,132525,95353,698179,669088,2013
0400000US05,Arkansas,706189,507044,132057,4237,9180,2119,24010,26835,76975,459023,2013
0400000US06,California,9212181,5315428,543519,73697,994916,36849,1529222,718550,4735061,2496501,2013
0400000US08,Colorado,1224429,961177,53875,12244,33060,1224,80812,82037,375900,706496,2013
0400000US09,Connecticut,801110,567186,96133,2403,35249,0,53674,46464,162625,481467,2013
0400000US10,Delaware,204381,124264,53548,613,6949,204,6336,12467,27796,107504,2013
0400000US11,District of Columbia,104656,25641,66980,209,1779,0,5861,4291,13710,19361,2013
0400000US12,Florida,3991172,2706015,846128,11974,99779,3991,135700,187585,1125511,1796027,2013
0400000US13,Georgia,2481252,1342357,846107,4963,79400,0,106694,99250,322563,1156263,2013
0400000US15,Hawaii,303574,48572,5464,304,79840,39768,3339,126590,47661,40679,2013
0400000US16,Idaho,425635,380092,2979,5959,4682,426,13195,18302,73635,326036,2013
0400000US17,Illinois,3078784,2035076,501842,6158,135466,0,264775,135466,720435,1625598,2013
0400000US18,Indiana,1591514,1258888,175067,3183,25464,0,55703,73210,155968,1171354,2013
0400000US19,Iowa,721599,626348,31029,2886,13710,0,15154,32472,64222,585217,2013
0400000US20,Kansas,722413,582265,45512,6502,17338,722,22395,47679,124255,493408,2013
0400000US21,Kentucky,1016520,849811,91487,2033,14231,1017,15248,44727,51843,818299,2013
0400000US22,Louisiana,1112549,618577,418318,7788,16688,1113,14463,36714,57853,581863,2013
0400000US23,Maine,267959,244915,5359,1608,3751,0,1072,10986,6431,240895,2013
0400000US24,Maryland,1344728,693880,434347,4034,72615,0,59168,79339,157333,617230,2013
0400000US25,Massachusetts,1401102,1041019,121896,2802,79863,0,78462,75660,215770,934535,2013
0400000US26,Michigan,2295644,1682707,374190,13774,64278,0,36730,123965,172173,1570220,2013
0400000US27,Minnesota,1275987,992718,94423,17864,67627,1276,28072,74007,103355,928919,2013
0400000US28,Mississippi,745020,385920,324829,4470,5960,0,6705,17880,26821,368785,2013
0400000US29,Missouri,1406573,1095720,191294,4220,22505,2813,22505,67516,82988,1045084,2013
0400000US30,Montana,221497,184064,1329,21707,1107,0,1772,11518,11296,176976,2013
0400000US31,Nebraska,457420,379201,26530,5946,8691,457,15095,21499,70900,329800,2013
0400000US32,Nevada,660522,431321,60108,7266,38310,4624,67373,51521,262227,256943,2013
0400000US33,New Hampshire,279716,253702,5035,559,7552,0,3077,9790,13986,243912,2013
0400000US34,New Jersey,2041234,1304349,306185,6124,179629,0,153093,95938,471525,1034906,2013
0400000US35,New Mexico,511806,343934,11260,56810,5630,512,65511,28149,299918,133070,2013
0400000US36,New York,4265970,2559582,742279,17064,294352,0,439395,209033,976907,2154315,2013
0400000US37,North Carolina,2275036,1421898,539184,29575,56876,2275,111477,113752,318505,1244445,2013
0400000US38,North Dakota,153310,127707,2913,13185,1380,0,1226,6899,5979,124181,2013
0400000US39,Ohio,2688864,2078492,387196,2689,48400,0,32266,142510,139821,1989759,2013
0400000US40,Oklahoma,931637,595316,75463,85711,15838,1863,33539,124839,137882,517990,2013
0400000US41,Oregon,859685,675712,18913,12895,32668,5158,51581,61897,181394,564813,2013
0400000US42,Pennsylvania,2748909,2078175,371103,5498,85216,0,82467,126450,266644,1937981,2013
0400000US44,Rhode Island,218700,158558,19027,1312,7217,0,20339,12247,46364,138000,2013
0400000US45,South Carolina,1074885,646006,342888,3225,12899,1075,23647,45145,84916,594411,2013
0400000US46,South Dakota,202580,156189,4052,27551,2431,0,2228,10129,9521,151327,2013
0400000US47,Tennessee,1488182,1071491,299125,2976,23811,1488,32740,56551,113102,1001546,2013
0400000US48,Texas,6905808,4937653,842509,34529,248609,6906,559370,276232,3356223,2313446,2013
0400000US49,Utah,875370,752818,12255,10504,13131,9629,41142,36766,145311,660029,2013
0400000US50,Vermont,125942,116244,1763,378,1763,0,504,5416,2897,114355,2013
0400000US51,Virginia,1850274,1174924,392258,5551,105466,1850,53658,120268,212782,1043555,2013
0400000US53,Washington,1580048,1121834,64782,25281,104283,12640,96383,154845,306529,949609,2013
0400000US54,West Virginia,382890,349579,12252,383,2680,383,1532,16464,7275,344984,2013
0400000US55,Wisconsin,1321586,1057269,114978,14537,40969,0,30396,63436,138767,966079,2013
0400000US56,Wyoming,135653,117882,1085,4612,814,0,3663,7461,18720,106488,2013
0400000US72,Puerto Rico,866854,590328,59813,2601,3467,0,92753,117892,859052,6068,2013
0400000US01,Alabama,1102136,692141,326232,5511,14328,1102,24247,39677,74945,645852,2016
0400000US02,Alaska,186886,102414,5980,33079,10653,3364,2616,28780,17194,93817,2016
0400000US04,Arizona,1615863,1147263,77561,92104,42012,3232,145428,108263,704516,651193,2016
0400000US05,Arkansas,703357,502197,128714,4220,9847,2813,26024,30244,81589,451555,2016
0400000US06,California,9112964,5185277,510326,63791,1011539,36452,1530978,774602,4720515,2396710,2016
0400000US08,Colorado,1242876,985601,57172,12429,34801,1243,69601,80787,386534,707196,2016
0400000US09,Connecticut,771040,537415,94067,2313,34697,0,50118,51660,171171,444119,2016
0400000US10,Delaware,203510,122920,52099,611,7326,204,6309,14042,29916,103383,2016
0400000US11,District of Columbia,113971,29291,68155,228,2051,0,8320,5926,17552,22794,2016
0400000US12,Florida,4052012,2731056,850923,12156,101300,4052,133716,218809,1199396,1754521,2016
0400000US13,Georgia,2489372,1334303,846386,7468,87128,2489,102064,109532,343533,1122707,2016
0400000US15,Hawaii,306761,52763,5215,307,78531,40799,2454,126692,53376,42333,2016
0400000US16,Idaho,429842,379550,3439,6018,4728,430,15474,20203,76512,325390,2016
0400000US17,Illinois,2983633,1975165,471414,5967,137247,0,244658,149182,722039,1548506,2016
0400000US18,Indiana,1575907,1235511,173350,3152,29942,1576,55157,78795,165470,1139381,2016
0400000US19,Iowa,724429,623733,34048,2173,15937,724,13040,34773,69545,574472,2016
0400000US20,Kansas,719083,580300,45302,5753,17977,719,20134,48898,128716,483943,2016
0400000US21,Kentucky,1010375,838611,88913,2021,14145,1010,15156,50519,56581,803248,2016
0400000US22,Louisiana,1111080,619983,412211,5555,16666,0,14444,41110,66665,574428,2016
0400000US23,Maine,258574,234527,5689,1810,3361,0,1034,11894,6464,230389,2016
0400000US24,Maryland,1344527,680331,426215,2689,76638,0,68571,90083,180167,590247,2016
0400000US25,Massachusetts,1383483,1003025,124513,2767,85776,0,78859,87159,232425,885429,2016
0400000US26,Michigan,2220756,1618931,355321,13325,64402,0,37753,133245,177660,1503452,2016
0400000US27,Minnesota,1277145,970630,104726,17880,71520,0,31929,80460,108557,906773,2016
0400000US28,Mississippi,729102,379862,312785,3646,5833,0,7291,18957,29893,360176,2016
0400000US29,Missouri,1388399,1074621,187434,5554,23603,1388,24991,72197,87469,1019085,2016
0400000US30,Montana,223635,184723,895,23258,1565,224,1789,11405,12747,176672,2016
0400000US31,Nebraska,465487,386354,26998,5586,9775,465,13034,23740,77271,327703,2016
0400000US32,Nevada,663212,406549,63005,7959,38466,4642,82902,60352,268601,245388,2016
0400000US33,New Hampshire,266039,240765,4523,532,7449,0,1862,10642,14632,230124,2016
0400000US34,New Jersey,2004007,1258516,290581,6012,184369,0,160321,102204,503006,969939,2016
0400000US35,New Mexico,499795,340860,10496,56477,5498,500,57976,28988,297378,124449,2016
0400000US36,New York,4199944,2461167,709791,16800,310796,0,461994,235197,1003787,2057973,2016
0400000US37,North Carolina,2281076,1418829,531491,29654,61589,2281,114054,123178,346724,1218095,2016
0400000US38,North Dakota,167155,136231,4179,14041,1839,167,1839,8859,8692,131384,2016
0400000US39,Ohio,2633277,2009190,381825,5267,50032,0,31599,155363,147464,1917026,2016
0400000US40,Oklahoma,948824,606299,74008,87292,17079,1898,35106,126194,151812,516160,2016
0400000US41,Oregon,858425,678156,18885,11160,30903,4292,41204,73825,185420,556259,2016
0400000US42,Pennsylvania,2693588,2009417,363634,5387,88888,0,80808,142760,293601,1847801,2016
0400000US44,Rhode Island,211672,152827,19050,1058,7620,212,17780,13124,49108,127850,2016
0400000US45,South Carolina,1081707,652269,332084,4327,15144,1082,23798,53004,91945,594939,2016
0400000US46,South Dakota,207951,157835,4575,28281,3327,0,2495,11437,11645,152012,2016
0400000US47,Tennessee,1490554,1070218,292149,4472,25339,1491,34283,64094,128188,985256,2016
0400000US48,Texas,7114351,5157904,860836,35572,277460,7114,469547,313031,3493146,2312164,2016
0400000US49,Utah,901457,763534,11719,9916,14423,9015,52285,41467,154149,673388,2016
0400000US50,Vermont,121070,110900,2179,363,1816,0,605,5085,3027,108721,2016
0400000US51,Virginia,1860496,1172112,379541,3721,111630,1860,57675,135816,234422,1023273,2016
0400000US53,Washington,1600377,1121864,64015,25606,107225,12803,94422,174441,328077,931419,2016
0400000US54,West Virginia,378066,344796,13232,378,2268,0,1512,15501,8317,338369,2016
0400000US55,Wisconsin,1298697,1023373,112987,14286,42857,0,37662,67532,146753,932464,2016
0400000US56,Wyoming,138201,120649,1797,4284,1106,0,3179,7048,19348,107382,2016
0400000US72,Puerto Rico,765241,526486,58924,3061,2296,0,108664,65811,759119,4591,2016
